Command line invocation:
    /Applications/Xcode.app/Contents/Developer/usr/bin/xcodebuild -project DyldFixupsLab.xcodeproj -scheme BindUnique -configuration Release -destination platform=iOS,id=00008120-000C70962662601E -derivedDataPath DerivedData-bindunique-auth DEVELOPMENT_TEAM=JASSJ2R9D6 CODE_SIGN_STYLE=Automatic -allowProvisioningUpdates build

Build settings from command line:
    CODE_SIGN_STYLE = Automatic
    DEVELOPMENT_TEAM = JASSJ2R9D6

2026-09-18 12:04:36.273 xcodebuild[50205:27490222] [MT] IDERunDestination: Supported platforms for the buildables in the current scheme is empty.
ComputePackagePrebuildTargetDependencyGraph

Prepare packages

CreateBuildRequest

SendProjectDescription

CreateBuildOperation

ComputeTargetDependencyGraph
note: Building targets in dependency order
note: Target dependency graph (3 targets)
    Target 'BindUnique' in project 'DyldFixupsLab'
        ➜ Explicit dependency on target 'BindUniquePayload' in project 'DyldFixupsLab'
        ➜ Explicit dependency on target 'BindProvider' in project 'DyldFixupsLab'
    Target 'BindUniquePayload' in project 'DyldFixupsLab'
        ➜ Explicit dependency on target 'BindProvider' in project 'DyldFixupsLab'
    Target 'BindProvider' in project 'DyldFixupsLab' (no dependencies)

GatherProvisioningInputs

CreateBuildDescription

ExecuteExternalTool /Applications/Xcode.app/Contents/Developer/Toolchains/XcodeDefault.xctoolchain/usr/bin/clang -v -E -dM -isysroot /Applications/Xcode.app/Contents/Developer/Platforms/iPhoneOS.platform/Developer/SDKs/iPhoneOS27.0.sdk -x c -c /dev/null

ExecuteExternalTool /Applications/Xcode.app/Contents/Developer/Toolchains/XcodeDefault.xctoolchain/usr/bin/clang -v -E -dM -arch arm64 -isysroot /Applications/Xcode.app/Contents/Developer/Platforms/iPhoneOS.platform/Developer/SDKs/iPhoneOS27.0.sdk -x objective-c -c /dev/null

ExecuteExternalTool /Applications/Xcode.app/Contents/Developer/Toolchains/XcodeDefault.xctoolchain/usr/bin/clang -v -E -dM -arch arm64 -isysroot /Applications/Xcode.app/Contents/Developer/Platforms/iPhoneOS.platform/Developer/SDKs/iPhoneOS27.0.sdk -x c -c /dev/null

ExecuteExternalTool /Applications/Xcode.app/Contents/Developer/Toolchains/XcodeDefault.xctoolchain/usr/bin/ld -version_details

Build description signature: 703a5f9de07f4992a17c6e357ce66dd9
Build description path: /Users/tommywu/Desktop/26暑期内容/iOS-source-review/DyldFixups/DerivedData-bindunique-auth/Build/Intermediates.noindex/XCBuildData/703a5f9de07f4992a17c6e357ce66dd9.xcbuilddata
CreateBuildDirectory /Users/tommywu/Desktop/26暑期内容/iOS-source-review/DyldFixups/DerivedData-bindunique-auth/ModuleCache.noindex
    cd /Users/tommywu/Desktop/26暑期内容/iOS-source-review/DyldFixups/DyldFixupsLab.xcodeproj
    builtin-create-build-directory /Users/tommywu/Desktop/26暑期内容/iOS-source-review/DyldFixups/DerivedData-bindunique-auth/ModuleCache.noindex

CreateBuildDirectory /Users/tommywu/Desktop/26暑期内容/iOS-source-review/DyldFixups/DerivedData-bindunique-auth/SDKExplicitPrecompiledModules
    cd /Users/tommywu/Desktop/26暑期内容/iOS-source-review/DyldFixups/DyldFixupsLab.xcodeproj
    builtin-create-build-directory /Users/tommywu/Desktop/26暑期内容/iOS-source-review/DyldFixups/DerivedData-bindunique-auth/SDKExplicitPrecompiledModules

CreateBuildDirectory /Users/tommywu/Desktop/26暑期内容/iOS-source-review/DyldFixups/DerivedData-bindunique-auth/CompilationCache.noindex
    cd /Users/tommywu/Desktop/26暑期内容/iOS-source-review/DyldFixups/DyldFixupsLab.xcodeproj
    builtin-create-build-directory /Users/tommywu/Desktop/26暑期内容/iOS-source-review/DyldFixups/DerivedData-bindunique-auth/CompilationCache.noindex

ClangStatCache /Applications/Xcode.app/Contents/Developer/Toolchains/XcodeDefault.xctoolchain/usr/bin/clang-stat-cache /Applications/Xcode.app/Contents/Developer/Platforms/iPhoneOS.platform/Developer/SDKs/iPhoneOS27.0.sdk /Users/tommywu/Desktop/26暑期内容/iOS-source-review/DyldFixups/DerivedData-bindunique-auth/SDKStatCaches.noindex/iphoneos27.0-24A430-6c78b3cbc238196c85e1bf6c792c5915.sdkstatcache
    cd /Users/tommywu/Desktop/26暑期内容/iOS-source-review/DyldFixups/DyldFixupsLab.xcodeproj
    /Applications/Xcode.app/Contents/Developer/Toolchains/XcodeDefault.xctoolchain/usr/bin/clang-stat-cache /Applications/Xcode.app/Contents/Developer/Platforms/iPhoneOS.platform/Developer/SDKs/iPhoneOS27.0.sdk -o /Users/tommywu/Desktop/26暑期内容/iOS-source-review/DyldFixups/DerivedData-bindunique-auth/SDKStatCaches.noindex/iphoneos27.0-24A430-6c78b3cbc238196c85e1bf6c792c5915.sdkstatcache

CreateBuildDirectory /Users/tommywu/Desktop/26暑期内容/iOS-source-review/DyldFixups/DerivedData-bindunique-auth/Build/Products
    cd /Users/tommywu/Desktop/26暑期内容/iOS-source-review/DyldFixups/DyldFixupsLab.xcodeproj
    builtin-create-build-directory /Users/tommywu/Desktop/26暑期内容/iOS-source-review/DyldFixups/DerivedData-bindunique-auth/Build/Products

CreateBuildDirectory /Users/tommywu/Desktop/26暑期内容/iOS-source-review/DyldFixups/DerivedData-bindunique-auth/Build/Intermediates.noindex
    cd /Users/tommywu/Desktop/26暑期内容/iOS-source-review/DyldFixups/DyldFixupsLab.xcodeproj
    builtin-create-build-directory /Users/tommywu/Desktop/26暑期内容/iOS-source-review/DyldFixups/DerivedData-bindunique-auth/Build/Intermediates.noindex

CreateBuildDirectory /Users/tommywu/Desktop/26暑期内容/iOS-source-review/DyldFixups/DerivedData-bindunique-auth/Build/Products/Release-iphoneos
    cd /Users/tommywu/Desktop/26暑期内容/iOS-source-review/DyldFixups/DyldFixupsLab.xcodeproj
    builtin-create-build-directory /Users/tommywu/Desktop/26暑期内容/iOS-source-review/DyldFixups/DerivedData-bindunique-auth/Build/Products/Release-iphoneos

CreateBuildDirectory /Users/tommywu/Desktop/26暑期内容/iOS-source-review/DyldFixups/DerivedData-bindunique-auth/Build/Intermediates.noindex/SwiftExplicitPrecompiledModules
    cd /Users/tommywu/Desktop/26暑期内容/iOS-source-review/DyldFixups/DyldFixupsLab.xcodeproj
    builtin-create-build-directory /Users/tommywu/Desktop/26暑期内容/iOS-source-review/DyldFixups/DerivedData-bindunique-auth/Build/Intermediates.noindex/SwiftExplicitPrecompiledModules

CreateBuildDirectory /Users/tommywu/Desktop/26暑期内容/iOS-source-review/DyldFixups/DerivedData-bindunique-auth/Build/Intermediates.noindex/PrecompiledHeaders
    cd /Users/tommywu/Desktop/26暑期内容/iOS-source-review/DyldFixups/DyldFixupsLab.xcodeproj
    builtin-create-build-directory /Users/tommywu/Desktop/26暑期内容/iOS-source-review/DyldFixups/DerivedData-bindunique-auth/Build/Intermediates.noindex/PrecompiledHeaders

CreateBuildDirectory /Users/tommywu/Desktop/26暑期内容/iOS-source-review/DyldFixups/DerivedData-bindunique-auth/Build/Intermediates.noindex/ExplicitPrecompiledModules
    cd /Users/tommywu/Desktop/26暑期内容/iOS-source-review/DyldFixups/DyldFixupsLab.xcodeproj
    builtin-create-build-directory /Users/tommywu/Desktop/26暑期内容/iOS-source-review/DyldFixups/DerivedData-bindunique-auth/Build/Intermediates.noindex/ExplicitPrecompiledModules

CreateBuildDirectory /Users/tommywu/Desktop/26暑期内容/iOS-source-review/DyldFixups/DerivedData-bindunique-auth/Build/Intermediates.noindex/EagerLinkingTBDs/Release-iphoneos
    cd /Users/tommywu/Desktop/26暑期内容/iOS-source-review/DyldFixups/DyldFixupsLab.xcodeproj
    builtin-create-build-directory /Users/tommywu/Desktop/26暑期内容/iOS-source-review/DyldFixups/DerivedData-bindunique-auth/Build/Intermediates.noindex/EagerLinkingTBDs/Release-iphoneos

WriteAuxiliaryFile /Users/tommywu/Desktop/26暑期内容/iOS-source-review/DyldFixups/DerivedData-bindunique-auth/Build/Intermediates.noindex/DyldFixupsLab.build/Release-iphoneos/DyldFixupsLab-1f9a5cd8c81dec9b780dd3c687760f12-VFS-iphoneos/all-product-headers.yaml
    cd /Users/tommywu/Desktop/26暑期内容/iOS-source-review/DyldFixups/DyldFixupsLab.xcodeproj
    write-file /Users/tommywu/Desktop/26暑期内容/iOS-source-review/DyldFixups/DerivedData-bindunique-auth/Build/Intermediates.noindex/DyldFixupsLab.build/Release-iphoneos/DyldFixupsLab-1f9a5cd8c81dec9b780dd3c687760f12-VFS-iphoneos/all-product-headers.yaml

WriteAuxiliaryFile /Users/tommywu/Desktop/26暑期内容/iOS-source-review/DyldFixups/DerivedData-bindunique-auth/Build/Intermediates.noindex/DyldFixupsLab.build/Release-iphoneos/BindUniquePayload.build/empty-BindUniquePayload.plist (in target 'BindUniquePayload' from project 'DyldFixupsLab')
    cd /Users/tommywu/Desktop/26暑期内容/iOS-source-review/DyldFixups
    write-file /Users/tommywu/Desktop/26暑期内容/iOS-source-review/DyldFixups/DerivedData-bindunique-auth/Build/Intermediates.noindex/DyldFixupsLab.build/Release-iphoneos/BindUniquePayload.build/empty-BindUniquePayload.plist

WriteAuxiliaryFile /Users/tommywu/Desktop/26暑期内容/iOS-source-review/DyldFixups/DerivedData-bindunique-auth/Build/Intermediates.noindex/DyldFixupsLab.build/Release-iphoneos/BindUniquePayload.build/Objects-normal/arm64/BindUniquePayload.LinkFileList (in target 'BindUniquePayload' from project 'DyldFixupsLab')
    cd /Users/tommywu/Desktop/26暑期内容/iOS-source-review/DyldFixups
    write-file /Users/tommywu/Desktop/26暑期内容/iOS-source-review/DyldFixups/DerivedData-bindunique-auth/Build/Intermediates.noindex/DyldFixupsLab.build/Release-iphoneos/BindUniquePayload.build/Objects-normal/arm64/BindUniquePayload.LinkFileList

WriteAuxiliaryFile /Users/tommywu/Desktop/26暑期内容/iOS-source-review/DyldFixups/DerivedData-bindunique-auth/Build/Intermediates.noindex/DyldFixupsLab.build/Release-iphoneos/BindUniquePayload.build/Objects-normal/arm64/7187679823f38a2a940e0043cdf9d637-common-args.resp (in target 'BindUniquePayload' from project 'DyldFixupsLab')
    cd /Users/tommywu/Desktop/26暑期内容/iOS-source-review/DyldFixups
    write-file /Users/tommywu/Desktop/26暑期内容/iOS-source-review/DyldFixups/DerivedData-bindunique-auth/Build/Intermediates.noindex/DyldFixupsLab.build/Release-iphoneos/BindUniquePayload.build/Objects-normal/arm64/7187679823f38a2a940e0043cdf9d637-common-args.resp
'-std=gnu11' -fmodules -gmodules '-fmodules-cache-path=/Users/tommywu/Desktop/26暑期内容/iOS-source-review/DyldFixups/DerivedData-bindunique-auth/ModuleCache.noindex' '-fmodule-name=BindUniquePayload' -fpascal-strings -Os -fno-common -g -iquote /Users/tommywu/Desktop/26暑期内容/iOS-source-review/DyldFixups/DerivedData-bindunique-auth/Build/Intermediates.noindex/DyldFixupsLab.build/Release-iphoneos/BindUniquePayload.build/BindUniquePayload-generated-files.hmap -I/Users/tommywu/Desktop/26暑期内容/iOS-source-review/DyldFixups/DerivedData-bindunique-auth/Build/Intermediates.noindex/DyldFixupsLab.build/Release-iphoneos/BindUniquePayload.build/BindUniquePayload-own-target-headers.hmap -I/Users/tommywu/Desktop/26暑期内容/iOS-source-review/DyldFixups/DerivedData-bindunique-auth/Build/Intermediates.noindex/DyldFixupsLab.build/Release-iphoneos/BindUniquePayload.build/BindUniquePayload-all-non-framework-target-headers.hmap -ivfsoverlay /Users/tommywu/Desktop/26暑期内容/iOS-source-review/DyldFixups/DerivedData-bindunique-auth/Build/Intermediates.noindex/DyldFixupsLab.build/Release-iphoneos/DyldFixupsLab-1f9a5cd8c81dec9b780dd3c687760f12-VFS-iphoneos/all-product-headers.yaml -iquote /Users/tommywu/Desktop/26暑期内容/iOS-source-review/DyldFixups/DerivedData-bindunique-auth/Build/Intermediates.noindex/DyldFixupsLab.build/Release-iphoneos/BindUniquePayload.build/BindUniquePayload-project-headers.hmap -I/Users/tommywu/Desktop/26暑期内容/iOS-source-review/DyldFixups/DerivedData-bindunique-auth/Build/Products/Release-iphoneos/include -I/Users/tommywu/Desktop/26暑期内容/iOS-source-review/DyldFixups/DerivedData-bindunique-auth/Build/Intermediates.noindex/DyldFixupsLab.build/Release-iphoneos/BindUniquePayload.build/DerivedSources-normal/arm64 -I/Users/tommywu/Desktop/26暑期内容/iOS-source-review/DyldFixups/DerivedData-bindunique-auth/Build/Intermediates.noindex/DyldFixupsLab.build/Release-iphoneos/BindUniquePayload.build/DerivedSources/arm64 -I/Users/tommywu/Desktop/26暑期内容/iOS-source-review/DyldFixups/DerivedData-bindunique-auth/Build/Intermediates.noindex/DyldFixupsLab.build/Release-iphoneos/BindUniquePayload.build/DerivedSources -F/Users/tommywu/Desktop/26暑期内容/iOS-source-review/DyldFixups/DerivedData-bindunique-auth/Build/Products/Release-iphoneos

WriteAuxiliaryFile /Users/tommywu/Desktop/26暑期内容/iOS-source-review/DyldFixups/DerivedData-bindunique-auth/Build/Intermediates.noindex/DyldFixupsLab.build/Release-iphoneos/BindUniquePayload.build/DerivedSources/BindUniquePayload_vers.c (in target 'BindUniquePayload' from project 'DyldFixupsLab')
    cd /Users/tommywu/Desktop/26暑期内容/iOS-source-review/DyldFixups
    write-file /Users/tommywu/Desktop/26暑期内容/iOS-source-review/DyldFixups/DerivedData-bindunique-auth/Build/Intermediates.noindex/DyldFixupsLab.build/Release-iphoneos/BindUniquePayload.build/DerivedSources/BindUniquePayload_vers.c

WriteAuxiliaryFile /Users/tommywu/Desktop/26暑期内容/iOS-source-review/DyldFixups/DerivedData-bindunique-auth/Build/Intermediates.noindex/DyldFixupsLab.build/Release-iphoneos/BindUniquePayload.build/BindUniquePayload.hmap (in target 'BindUniquePayload' from project 'DyldFixupsLab')
    cd /Users/tommywu/Desktop/26暑期内容/iOS-source-review/DyldFixups
    write-file /Users/tommywu/Desktop/26暑期内容/iOS-source-review/DyldFixups/DerivedData-bindunique-auth/Build/Intermediates.noindex/DyldFixupsLab.build/Release-iphoneos/BindUniquePayload.build/BindUniquePayload.hmap

WriteAuxiliaryFile /Users/tommywu/Desktop/26暑期内容/iOS-source-review/DyldFixups/DerivedData-bindunique-auth/Build/Intermediates.noindex/DyldFixupsLab.build/Release-iphoneos/BindUniquePayload.build/BindUniquePayload.DependencyStaticMetadataFileList (in target 'BindUniquePayload' from project 'DyldFixupsLab')
    cd /Users/tommywu/Desktop/26暑期内容/iOS-source-review/DyldFixups
    write-file /Users/tommywu/Desktop/26暑期内容/iOS-source-review/DyldFixups/DerivedData-bindunique-auth/Build/Intermediates.noindex/DyldFixupsLab.build/Release-iphoneos/BindUniquePayload.build/BindUniquePayload.DependencyStaticMetadataFileList

WriteAuxiliaryFile /Users/tommywu/Desktop/26暑期内容/iOS-source-review/DyldFixups/DerivedData-bindunique-auth/Build/Intermediates.noindex/DyldFixupsLab.build/Release-iphoneos/BindUniquePayload.build/BindUniquePayload.DependencyMetadataFileList (in target 'BindUniquePayload' from project 'DyldFixupsLab')
    cd /Users/tommywu/Desktop/26暑期内容/iOS-source-review/DyldFixups
    write-file /Users/tommywu/Desktop/26暑期内容/iOS-source-review/DyldFixups/DerivedData-bindunique-auth/Build/Intermediates.noindex/DyldFixupsLab.build/Release-iphoneos/BindUniquePayload.build/BindUniquePayload.DependencyMetadataFileList

WriteAuxiliaryFile /Users/tommywu/Desktop/26暑期内容/iOS-source-review/DyldFixups/DerivedData-bindunique-auth/Build/Intermediates.noindex/DyldFixupsLab.build/Release-iphoneos/BindUniquePayload.build/BindUniquePayload-own-target-headers.hmap (in target 'BindUniquePayload' from project 'DyldFixupsLab')
    cd /Users/tommywu/Desktop/26暑期内容/iOS-source-review/DyldFixups
    write-file /Users/tommywu/Desktop/26暑期内容/iOS-source-review/DyldFixups/DerivedData-bindunique-auth/Build/Intermediates.noindex/DyldFixupsLab.build/Release-iphoneos/BindUniquePayload.build/BindUniquePayload-own-target-headers.hmap

WriteAuxiliaryFile /Users/tommywu/Desktop/26暑期内容/iOS-source-review/DyldFixups/DerivedData-bindunique-auth/Build/Intermediates.noindex/DyldFixupsLab.build/Release-iphoneos/BindUniquePayload.build/BindUniquePayload-project-headers.hmap (in target 'BindUniquePayload' from project 'DyldFixupsLab')
    cd /Users/tommywu/Desktop/26暑期内容/iOS-source-review/DyldFixups
    write-file /Users/tommywu/Desktop/26暑期内容/iOS-source-review/DyldFixups/DerivedData-bindunique-auth/Build/Intermediates.noindex/DyldFixupsLab.build/Release-iphoneos/BindUniquePayload.build/BindUniquePayload-project-headers.hmap

WriteAuxiliaryFile /Users/tommywu/Desktop/26暑期内容/iOS-source-review/DyldFixups/DerivedData-bindunique-auth/Build/Intermediates.noindex/DyldFixupsLab.build/Release-iphoneos/BindUniquePayload.build/BindUniquePayload-generated-files.hmap (in target 'BindUniquePayload' from project 'DyldFixupsLab')
    cd /Users/tommywu/Desktop/26暑期内容/iOS-source-review/DyldFixups
    write-file /Users/tommywu/Desktop/26暑期内容/iOS-source-review/DyldFixups/DerivedData-bindunique-auth/Build/Intermediates.noindex/DyldFixupsLab.build/Release-iphoneos/BindUniquePayload.build/BindUniquePayload-generated-files.hmap

WriteAuxiliaryFile /Users/tommywu/Desktop/26暑期内容/iOS-source-review/DyldFixups/DerivedData-bindunique-auth/Build/Intermediates.noindex/DyldFixupsLab.build/Release-iphoneos/BindUniquePayload.build/BindUniquePayload-all-target-headers.hmap (in target 'BindUniquePayload' from project 'DyldFixupsLab')
    cd /Users/tommywu/Desktop/26暑期内容/iOS-source-review/DyldFixups
    write-file /Users/tommywu/Desktop/26暑期内容/iOS-source-review/DyldFixups/DerivedData-bindunique-auth/Build/Intermediates.noindex/DyldFixupsLab.build/Release-iphoneos/BindUniquePayload.build/BindUniquePayload-all-target-headers.hmap

WriteAuxiliaryFile /Users/tommywu/Desktop/26暑期内容/iOS-source-review/DyldFixups/DerivedData-bindunique-auth/Build/Intermediates.noindex/DyldFixupsLab.build/Release-iphoneos/BindUniquePayload.build/BindUniquePayload-all-non-framework-target-headers.hmap (in target 'BindUniquePayload' from project 'DyldFixupsLab')
    cd /Users/tommywu/Desktop/26暑期内容/iOS-source-review/DyldFixups
    write-file /Users/tommywu/Desktop/26暑期内容/iOS-source-review/DyldFixups/DerivedData-bindunique-auth/Build/Intermediates.noindex/DyldFixupsLab.build/Release-iphoneos/BindUniquePayload.build/BindUniquePayload-all-non-framework-target-headers.hmap

WriteAuxiliaryFile /Users/tommywu/Desktop/26暑期内容/iOS-source-review/DyldFixups/DerivedData-bindunique-auth/Build/Intermediates.noindex/DyldFixupsLab.build/Release-iphoneos/BindUnique.build/empty-BindUnique.plist (in target 'BindUnique' from project 'DyldFixupsLab')
    cd /Users/tommywu/Desktop/26暑期内容/iOS-source-review/DyldFixups
    write-file /Users/tommywu/Desktop/26暑期内容/iOS-source-review/DyldFixups/DerivedData-bindunique-auth/Build/Intermediates.noindex/DyldFixupsLab.build/Release-iphoneos/BindUnique.build/empty-BindUnique.plist

WriteAuxiliaryFile /Users/tommywu/Desktop/26暑期内容/iOS-source-review/DyldFixups/DerivedData-bindunique-auth/Build/Intermediates.noindex/DyldFixupsLab.build/Release-iphoneos/BindUnique.build/Objects-normal/arm64/e6072d4f65d7061329687fe24e3d63a7-common-args.resp (in target 'BindUnique' from project 'DyldFixupsLab')
    cd /Users/tommywu/Desktop/26暑期内容/iOS-source-review/DyldFixups
    write-file /Users/tommywu/Desktop/26暑期内容/iOS-source-review/DyldFixups/DerivedData-bindunique-auth/Build/Intermediates.noindex/DyldFixupsLab.build/Release-iphoneos/BindUnique.build/Objects-normal/arm64/e6072d4f65d7061329687fe24e3d63a7-common-args.resp
'-std=gnu11' -fobjc-arc -fobjc-weak -fmodules -gmodules '-fmodules-cache-path=/Users/tommywu/Desktop/26暑期内容/iOS-source-review/DyldFixups/DerivedData-bindunique-auth/ModuleCache.noindex' -fpascal-strings -Os -fno-common '-DDYLD_EXPERIMENT_VARIANT=4' '-DNS_BLOCK_ASSERTIONS=1' '-DOBJC_OLD_DISPATCH_PROTOTYPES=0' -g '-fvisibility=hidden' -iquote /Users/tommywu/Desktop/26暑期内容/iOS-source-review/DyldFixups/DerivedData-bindunique-auth/Build/Intermediates.noindex/DyldFixupsLab.build/Release-iphoneos/BindUnique.build/BindUnique-generated-files.hmap -I/Users/tommywu/Desktop/26暑期内容/iOS-source-review/DyldFixups/DerivedData-bindunique-auth/Build/Intermediates.noindex/DyldFixupsLab.build/Release-iphoneos/BindUnique.build/BindUnique-own-target-headers.hmap -I/Users/tommywu/Desktop/26暑期内容/iOS-source-review/DyldFixups/DerivedData-bindunique-auth/Build/Intermediates.noindex/DyldFixupsLab.build/Release-iphoneos/BindUnique.build/BindUnique-all-non-framework-target-headers.hmap -ivfsoverlay /Users/tommywu/Desktop/26暑期内容/iOS-source-review/DyldFixups/DerivedData-bindunique-auth/Build/Intermediates.noindex/DyldFixupsLab.build/Release-iphoneos/DyldFixupsLab-1f9a5cd8c81dec9b780dd3c687760f12-VFS-iphoneos/all-product-headers.yaml -iquote /Users/tommywu/Desktop/26暑期内容/iOS-source-review/DyldFixups/DerivedData-bindunique-auth/Build/Intermediates.noindex/DyldFixupsLab.build/Release-iphoneos/BindUnique.build/BindUnique-project-headers.hmap -I/Users/tommywu/Desktop/26暑期内容/iOS-source-review/DyldFixups/DerivedData-bindunique-auth/Build/Products/Release-iphoneos/include -I/Users/tommywu/Desktop/26暑期内容/iOS-source-review/DyldFixups/DerivedData-bindunique-auth/Build/Intermediates.noindex/DyldFixupsLab.build/Release-iphoneos/BindUnique.build/DerivedSources-normal/arm64 -I/Users/tommywu/Desktop/26暑期内容/iOS-source-review/DyldFixups/DerivedData-bindunique-auth/Build/Intermediates.noindex/DyldFixupsLab.build/Release-iphoneos/BindUnique.build/DerivedSources/arm64 -I/Users/tommywu/Desktop/26暑期内容/iOS-source-review/DyldFixups/DerivedData-bindunique-auth/Build/Intermediates.noindex/DyldFixupsLab.build/Release-iphoneos/BindUnique.build/DerivedSources -F/Users/tommywu/Desktop/26暑期内容/iOS-source-review/DyldFixups/DerivedData-bindunique-auth/Build/Products/Release-iphoneos

WriteAuxiliaryFile /Users/tommywu/Desktop/26暑期内容/iOS-source-review/DyldFixups/DerivedData-bindunique-auth/Build/Intermediates.noindex/DyldFixupsLab.build/Release-iphoneos/BindUnique.build/Objects-normal/arm64/BindUnique.LinkFileList (in target 'BindUnique' from project 'DyldFixupsLab')
    cd /Users/tommywu/Desktop/26暑期内容/iOS-source-review/DyldFixups
    write-file /Users/tommywu/Desktop/26暑期内容/iOS-source-review/DyldFixups/DerivedData-bindunique-auth/Build/Intermediates.noindex/DyldFixupsLab.build/Release-iphoneos/BindUnique.build/Objects-normal/arm64/BindUnique.LinkFileList

WriteAuxiliaryFile /Users/tommywu/Desktop/26暑期内容/iOS-source-review/DyldFixups/DerivedData-bindunique-auth/Build/Intermediates.noindex/DyldFixupsLab.build/Release-iphoneos/BindUnique.build/DerivedSources/Entitlements.plist (in target 'BindUnique' from project 'DyldFixupsLab')
    cd /Users/tommywu/Desktop/26暑期内容/iOS-source-review/DyldFixups
    write-file /Users/tommywu/Desktop/26暑期内容/iOS-source-review/DyldFixups/DerivedData-bindunique-auth/Build/Intermediates.noindex/DyldFixupsLab.build/Release-iphoneos/BindUnique.build/DerivedSources/Entitlements.plist

WriteAuxiliaryFile /Users/tommywu/Desktop/26暑期内容/iOS-source-review/DyldFixups/DerivedData-bindunique-auth/Build/Intermediates.noindex/DyldFixupsLab.build/Release-iphoneos/BindUnique.build/BindUnique.hmap (in target 'BindUnique' from project 'DyldFixupsLab')
    cd /Users/tommywu/Desktop/26暑期内容/iOS-source-review/DyldFixups
    write-file /Users/tommywu/Desktop/26暑期内容/iOS-source-review/DyldFixups/DerivedData-bindunique-auth/Build/Intermediates.noindex/DyldFixupsLab.build/Release-iphoneos/BindUnique.build/BindUnique.hmap

WriteAuxiliaryFile /Users/tommywu/Desktop/26暑期内容/iOS-source-review/DyldFixups/DerivedData-bindunique-auth/Build/Intermediates.noindex/DyldFixupsLab.build/Release-iphoneos/BindUnique.build/BindUnique.DependencyStaticMetadataFileList (in target 'BindUnique' from project 'DyldFixupsLab')
    cd /Users/tommywu/Desktop/26暑期内容/iOS-source-review/DyldFixups
    write-file /Users/tommywu/Desktop/26暑期内容/iOS-source-review/DyldFixups/DerivedData-bindunique-auth/Build/Intermediates.noindex/DyldFixupsLab.build/Release-iphoneos/BindUnique.build/BindUnique.DependencyStaticMetadataFileList

WriteAuxiliaryFile /Users/tommywu/Desktop/26暑期内容/iOS-source-review/DyldFixups/DerivedData-bindunique-auth/Build/Intermediates.noindex/DyldFixupsLab.build/Release-iphoneos/BindUnique.build/BindUnique.DependencyMetadataFileList (in target 'BindUnique' from project 'DyldFixupsLab')
    cd /Users/tommywu/Desktop/26暑期内容/iOS-source-review/DyldFixups
    write-file /Users/tommywu/Desktop/26暑期内容/iOS-source-review/DyldFixups/DerivedData-bindunique-auth/Build/Intermediates.noindex/DyldFixupsLab.build/Release-iphoneos/BindUnique.build/BindUnique.DependencyMetadataFileList

WriteAuxiliaryFile /Users/tommywu/Desktop/26暑期内容/iOS-source-review/DyldFixups/DerivedData-bindunique-auth/Build/Intermediates.noindex/DyldFixupsLab.build/Release-iphoneos/BindUnique.build/BindUnique-project-headers.hmap (in target 'BindUnique' from project 'DyldFixupsLab')
    cd /Users/tommywu/Desktop/26暑期内容/iOS-source-review/DyldFixups
    write-file /Users/tommywu/Desktop/26暑期内容/iOS-source-review/DyldFixups/DerivedData-bindunique-auth/Build/Intermediates.noindex/DyldFixupsLab.build/Release-iphoneos/BindUnique.build/BindUnique-project-headers.hmap

WriteAuxiliaryFile /Users/tommywu/Desktop/26暑期内容/iOS-source-review/DyldFixups/DerivedData-bindunique-auth/Build/Intermediates.noindex/DyldFixupsLab.build/Release-iphoneos/BindUnique.build/BindUnique-own-target-headers.hmap (in target 'BindUnique' from project 'DyldFixupsLab')
    cd /Users/tommywu/Desktop/26暑期内容/iOS-source-review/DyldFixups
    write-file /Users/tommywu/Desktop/26暑期内容/iOS-source-review/DyldFixups/DerivedData-bindunique-auth/Build/Intermediates.noindex/DyldFixupsLab.build/Release-iphoneos/BindUnique.build/BindUnique-own-target-headers.hmap

WriteAuxiliaryFile /Users/tommywu/Desktop/26暑期内容/iOS-source-review/DyldFixups/DerivedData-bindunique-auth/Build/Intermediates.noindex/DyldFixupsLab.build/Release-iphoneos/BindUnique.build/BindUnique-generated-files.hmap (in target 'BindUnique' from project 'DyldFixupsLab')
    cd /Users/tommywu/Desktop/26暑期内容/iOS-source-review/DyldFixups
    write-file /Users/tommywu/Desktop/26暑期内容/iOS-source-review/DyldFixups/DerivedData-bindunique-auth/Build/Intermediates.noindex/DyldFixupsLab.build/Release-iphoneos/BindUnique.build/BindUnique-generated-files.hmap

WriteAuxiliaryFile /Users/tommywu/Desktop/26暑期内容/iOS-source-review/DyldFixups/DerivedData-bindunique-auth/Build/Intermediates.noindex/DyldFixupsLab.build/Release-iphoneos/BindUnique.build/BindUnique-all-target-headers.hmap (in target 'BindUnique' from project 'DyldFixupsLab')
    cd /Users/tommywu/Desktop/26暑期内容/iOS-source-review/DyldFixups
    write-file /Users/tommywu/Desktop/26暑期内容/iOS-source-review/DyldFixups/DerivedData-bindunique-auth/Build/Intermediates.noindex/DyldFixupsLab.build/Release-iphoneos/BindUnique.build/BindUnique-all-target-headers.hmap

WriteAuxiliaryFile /Users/tommywu/Desktop/26暑期内容/iOS-source-review/DyldFixups/DerivedData-bindunique-auth/Build/Intermediates.noindex/DyldFixupsLab.build/Release-iphoneos/BindUnique.build/BindUnique-all-non-framework-target-headers.hmap (in target 'BindUnique' from project 'DyldFixupsLab')
    cd /Users/tommywu/Desktop/26暑期内容/iOS-source-review/DyldFixups
    write-file /Users/tommywu/Desktop/26暑期内容/iOS-source-review/DyldFixups/DerivedData-bindunique-auth/Build/Intermediates.noindex/DyldFixupsLab.build/Release-iphoneos/BindUnique.build/BindUnique-all-non-framework-target-headers.hmap

WriteAuxiliaryFile /Users/tommywu/Desktop/26暑期内容/iOS-source-review/DyldFixups/DerivedData-bindunique-auth/Build/Intermediates.noindex/DyldFixupsLab.build/Release-iphoneos/BindProvider.build/empty-BindProvider.plist (in target 'BindProvider' from project 'DyldFixupsLab')
    cd /Users/tommywu/Desktop/26暑期内容/iOS-source-review/DyldFixups
    write-file /Users/tommywu/Desktop/26暑期内容/iOS-source-review/DyldFixups/DerivedData-bindunique-auth/Build/Intermediates.noindex/DyldFixupsLab.build/Release-iphoneos/BindProvider.build/empty-BindProvider.plist

WriteAuxiliaryFile /Users/tommywu/Desktop/26暑期内容/iOS-source-review/DyldFixups/DerivedData-bindunique-auth/Build/Intermediates.noindex/DyldFixupsLab.build/Release-iphoneos/BindProvider.build/Objects-normal/arm64/BindProvider.LinkFileList (in target 'BindProvider' from project 'DyldFixupsLab')
    cd /Users/tommywu/Desktop/26暑期内容/iOS-source-review/DyldFixups
    write-file /Users/tommywu/Desktop/26暑期内容/iOS-source-review/DyldFixups/DerivedData-bindunique-auth/Build/Intermediates.noindex/DyldFixupsLab.build/Release-iphoneos/BindProvider.build/Objects-normal/arm64/BindProvider.LinkFileList

WriteAuxiliaryFile /Users/tommywu/Desktop/26暑期内容/iOS-source-review/DyldFixups/DerivedData-bindunique-auth/Build/Intermediates.noindex/DyldFixupsLab.build/Release-iphoneos/BindProvider.build/Objects-normal/arm64/7187679823f38a2a940e0043cdf9d637-common-args.resp (in target 'BindProvider' from project 'DyldFixupsLab')
    cd /Users/tommywu/Desktop/26暑期内容/iOS-source-review/DyldFixups
    write-file /Users/tommywu/Desktop/26暑期内容/iOS-source-review/DyldFixups/DerivedData-bindunique-auth/Build/Intermediates.noindex/DyldFixupsLab.build/Release-iphoneos/BindProvider.build/Objects-normal/arm64/7187679823f38a2a940e0043cdf9d637-common-args.resp
'-std=gnu11' -fmodules -gmodules '-fmodules-cache-path=/Users/tommywu/Desktop/26暑期内容/iOS-source-review/DyldFixups/DerivedData-bindunique-auth/ModuleCache.noindex' '-fmodule-name=BindProvider' -fpascal-strings -Os -fno-common -g -iquote /Users/tommywu/Desktop/26暑期内容/iOS-source-review/DyldFixups/DerivedData-bindunique-auth/Build/Intermediates.noindex/DyldFixupsLab.build/Release-iphoneos/BindProvider.build/BindProvider-generated-files.hmap -I/Users/tommywu/Desktop/26暑期内容/iOS-source-review/DyldFixups/DerivedData-bindunique-auth/Build/Intermediates.noindex/DyldFixupsLab.build/Release-iphoneos/BindProvider.build/BindProvider-own-target-headers.hmap -I/Users/tommywu/Desktop/26暑期内容/iOS-source-review/DyldFixups/DerivedData-bindunique-auth/Build/Intermediates.noindex/DyldFixupsLab.build/Release-iphoneos/BindProvider.build/BindProvider-all-non-framework-target-headers.hmap -ivfsoverlay /Users/tommywu/Desktop/26暑期内容/iOS-source-review/DyldFixups/DerivedData-bindunique-auth/Build/Intermediates.noindex/DyldFixupsLab.build/Release-iphoneos/DyldFixupsLab-1f9a5cd8c81dec9b780dd3c687760f12-VFS-iphoneos/all-product-headers.yaml -iquote /Users/tommywu/Desktop/26暑期内容/iOS-source-review/DyldFixups/DerivedData-bindunique-auth/Build/Intermediates.noindex/DyldFixupsLab.build/Release-iphoneos/BindProvider.build/BindProvider-project-headers.hmap -I/Users/tommywu/Desktop/26暑期内容/iOS-source-review/DyldFixups/DerivedData-bindunique-auth/Build/Products/Release-iphoneos/include -I/Users/tommywu/Desktop/26暑期内容/iOS-source-review/DyldFixups/DerivedData-bindunique-auth/Build/Intermediates.noindex/DyldFixupsLab.build/Release-iphoneos/BindProvider.build/DerivedSources-normal/arm64 -I/Users/tommywu/Desktop/26暑期内容/iOS-source-review/DyldFixups/DerivedData-bindunique-auth/Build/Intermediates.noindex/DyldFixupsLab.build/Release-iphoneos/BindProvider.build/DerivedSources/arm64 -I/Users/tommywu/Desktop/26暑期内容/iOS-source-review/DyldFixups/DerivedData-bindunique-auth/Build/Intermediates.noindex/DyldFixupsLab.build/Release-iphoneos/BindProvider.build/DerivedSources -F/Users/tommywu/Desktop/26暑期内容/iOS-source-review/DyldFixups/DerivedData-bindunique-auth/Build/Products/Release-iphoneos

WriteAuxiliaryFile /Users/tommywu/Desktop/26暑期内容/iOS-source-review/DyldFixups/DerivedData-bindunique-auth/Build/Intermediates.noindex/DyldFixupsLab.build/Release-iphoneos/BindProvider.build/DerivedSources/BindProvider_vers.c (in target 'BindProvider' from project 'DyldFixupsLab')
    cd /Users/tommywu/Desktop/26暑期内容/iOS-source-review/DyldFixups
    write-file /Users/tommywu/Desktop/26暑期内容/iOS-source-review/DyldFixups/DerivedData-bindunique-auth/Build/Intermediates.noindex/DyldFixupsLab.build/Release-iphoneos/BindProvider.build/DerivedSources/BindProvider_vers.c

WriteAuxiliaryFile /Users/tommywu/Desktop/26暑期内容/iOS-source-review/DyldFixups/DerivedData-bindunique-auth/Build/Intermediates.noindex/DyldFixupsLab.build/Release-iphoneos/BindProvider.build/BindProvider.hmap (in target 'BindProvider' from project 'DyldFixupsLab')
    cd /Users/tommywu/Desktop/26暑期内容/iOS-source-review/DyldFixups
    write-file /Users/tommywu/Desktop/26暑期内容/iOS-source-review/DyldFixups/DerivedData-bindunique-auth/Build/Intermediates.noindex/DyldFixupsLab.build/Release-iphoneos/BindProvider.build/BindProvider.hmap

WriteAuxiliaryFile /Users/tommywu/Desktop/26暑期内容/iOS-source-review/DyldFixups/DerivedData-bindunique-auth/Build/Intermediates.noindex/DyldFixupsLab.build/Release-iphoneos/BindProvider.build/BindProvider.DependencyStaticMetadataFileList (in target 'BindProvider' from project 'DyldFixupsLab')
    cd /Users/tommywu/Desktop/26暑期内容/iOS-source-review/DyldFixups
    write-file /Users/tommywu/Desktop/26暑期内容/iOS-source-review/DyldFixups/DerivedData-bindunique-auth/Build/Intermediates.noindex/DyldFixupsLab.build/Release-iphoneos/BindProvider.build/BindProvider.DependencyStaticMetadataFileList

WriteAuxiliaryFile /Users/tommywu/Desktop/26暑期内容/iOS-source-review/DyldFixups/DerivedData-bindunique-auth/Build/Intermediates.noindex/DyldFixupsLab.build/Release-iphoneos/BindProvider.build/BindProvider.DependencyMetadataFileList (in target 'BindProvider' from project 'DyldFixupsLab')
    cd /Users/tommywu/Desktop/26暑期内容/iOS-source-review/DyldFixups
    write-file /Users/tommywu/Desktop/26暑期内容/iOS-source-review/DyldFixups/DerivedData-bindunique-auth/Build/Intermediates.noindex/DyldFixupsLab.build/Release-iphoneos/BindProvider.build/BindProvider.DependencyMetadataFileList

WriteAuxiliaryFile /Users/tommywu/Desktop/26暑期内容/iOS-source-review/DyldFixups/DerivedData-bindunique-auth/Build/Intermediates.noindex/DyldFixupsLab.build/Release-iphoneos/BindProvider.build/BindProvider-project-headers.hmap (in target 'BindProvider' from project 'DyldFixupsLab')
    cd /Users/tommywu/Desktop/26暑期内容/iOS-source-review/DyldFixups
    write-file /Users/tommywu/Desktop/26暑期内容/iOS-source-review/DyldFixups/DerivedData-bindunique-auth/Build/Intermediates.noindex/DyldFixupsLab.build/Release-iphoneos/BindProvider.build/BindProvider-project-headers.hmap

WriteAuxiliaryFile /Users/tommywu/Desktop/26暑期内容/iOS-source-review/DyldFixups/DerivedData-bindunique-auth/Build/Intermediates.noindex/DyldFixupsLab.build/Release-iphoneos/BindProvider.build/BindProvider-own-target-headers.hmap (in target 'BindProvider' from project 'DyldFixupsLab')
    cd /Users/tommywu/Desktop/26暑期内容/iOS-source-review/DyldFixups
    write-file /Users/tommywu/Desktop/26暑期内容/iOS-source-review/DyldFixups/DerivedData-bindunique-auth/Build/Intermediates.noindex/DyldFixupsLab.build/Release-iphoneos/BindProvider.build/BindProvider-own-target-headers.hmap

WriteAuxiliaryFile /Users/tommywu/Desktop/26暑期内容/iOS-source-review/DyldFixups/DerivedData-bindunique-auth/Build/Intermediates.noindex/DyldFixupsLab.build/Release-iphoneos/BindProvider.build/BindProvider-generated-files.hmap (in target 'BindProvider' from project 'DyldFixupsLab')
    cd /Users/tommywu/Desktop/26暑期内容/iOS-source-review/DyldFixups
    write-file /Users/tommywu/Desktop/26暑期内容/iOS-source-review/DyldFixups/DerivedData-bindunique-auth/Build/Intermediates.noindex/DyldFixupsLab.build/Release-iphoneos/BindProvider.build/BindProvider-generated-files.hmap

WriteAuxiliaryFile /Users/tommywu/Desktop/26暑期内容/iOS-source-review/DyldFixups/DerivedData-bindunique-auth/Build/Intermediates.noindex/DyldFixupsLab.build/Release-iphoneos/BindProvider.build/BindProvider-all-target-headers.hmap (in target 'BindProvider' from project 'DyldFixupsLab')
    cd /Users/tommywu/Desktop/26暑期内容/iOS-source-review/DyldFixups
    write-file /Users/tommywu/Desktop/26暑期内容/iOS-source-review/DyldFixups/DerivedData-bindunique-auth/Build/Intermediates.noindex/DyldFixupsLab.build/Release-iphoneos/BindProvider.build/BindProvider-all-target-headers.hmap

WriteAuxiliaryFile /Users/tommywu/Desktop/26暑期内容/iOS-source-review/DyldFixups/DerivedData-bindunique-auth/Build/Intermediates.noindex/DyldFixupsLab.build/Release-iphoneos/BindProvider.build/BindProvider-all-non-framework-target-headers.hmap (in target 'BindProvider' from project 'DyldFixupsLab')
    cd /Users/tommywu/Desktop/26暑期内容/iOS-source-review/DyldFixups
    write-file /Users/tommywu/Desktop/26暑期内容/iOS-source-review/DyldFixups/DerivedData-bindunique-auth/Build/Intermediates.noindex/DyldFixupsLab.build/Release-iphoneos/BindProvider.build/BindProvider-all-non-framework-target-headers.hmap

MkDir /Users/tommywu/Desktop/26暑期内容/iOS-source-review/DyldFixups/DerivedData-bindunique-auth/Build/Products/Release-iphoneos/BindUniquePayload.framework (in target 'BindUniquePayload' from project 'DyldFixupsLab')
    cd /Users/tommywu/Desktop/26暑期内容/iOS-source-review/DyldFixups
    /bin/mkdir -p /Users/tommywu/Desktop/26暑期内容/iOS-source-review/DyldFixups/DerivedData-bindunique-auth/Build/Products/Release-iphoneos/BindUniquePayload.framework

MkDir /Users/tommywu/Desktop/26暑期内容/iOS-source-review/DyldFixups/DerivedData-bindunique-auth/Build/Products/Release-iphoneos/BindUnique.app/Frameworks (in target 'BindUnique' from project 'DyldFixupsLab')
    cd /Users/tommywu/Desktop/26暑期内容/iOS-source-review/DyldFixups
    /bin/mkdir -p /Users/tommywu/Desktop/26暑期内容/iOS-source-review/DyldFixups/DerivedData-bindunique-auth/Build/Products/Release-iphoneos/BindUnique.app/Frameworks

MkDir /Users/tommywu/Desktop/26暑期内容/iOS-source-review/DyldFixups/DerivedData-bindunique-auth/Build/Products/Release-iphoneos/BindUnique.app (in target 'BindUnique' from project 'DyldFixupsLab')
    cd /Users/tommywu/Desktop/26暑期内容/iOS-source-review/DyldFixups
    /bin/mkdir -p /Users/tommywu/Desktop/26暑期内容/iOS-source-review/DyldFixups/DerivedData-bindunique-auth/Build/Products/Release-iphoneos/BindUnique.app

MkDir /Users/tommywu/Desktop/26暑期内容/iOS-source-review/DyldFixups/DerivedData-bindunique-auth/Build/Products/Release-iphoneos/BindProvider.framework (in target 'BindProvider' from project 'DyldFixupsLab')
    cd /Users/tommywu/Desktop/26暑期内容/iOS-source-review/DyldFixups
    /bin/mkdir -p /Users/tommywu/Desktop/26暑期内容/iOS-source-review/DyldFixups/DerivedData-bindunique-auth/Build/Products/Release-iphoneos/BindProvider.framework

ProcessProductPackaging "" /Users/tommywu/Desktop/26暑期内容/iOS-source-review/DyldFixups/DerivedData-bindunique-auth/Build/Intermediates.noindex/DyldFixupsLab.build/Release-iphoneos/BindUnique.build/BindUnique.app.xcent (in target 'BindUnique' from project 'DyldFixupsLab')
    cd /Users/tommywu/Desktop/26暑期内容/iOS-source-review/DyldFixups
    
    Entitlements:
    
    {
    "application-identifier" = "JASSJ2R9D6.com.tommywu.lab.dyldfixups.bindunique";
    "com.apple.developer.team-identifier" = JASSJ2R9D6;
    "get-task-allow" = 1;
}
    
    builtin-productPackagingUtility -entitlements -format xml -o /Users/tommywu/Desktop/26暑期内容/iOS-source-review/DyldFixups/DerivedData-bindunique-auth/Build/Intermediates.noindex/DyldFixupsLab.build/Release-iphoneos/BindUnique.build/BindUnique.app.xcent

ProcessProductPackaging /Users/tommywu/Library/Developer/Xcode/UserData/Provisioning\ Profiles/7ac49ed5-2770-4d6c-89ca-f3da36ada789.mobileprovision /Users/tommywu/Desktop/26暑期内容/iOS-source-review/DyldFixups/DerivedData-bindunique-auth/Build/Products/Release-iphoneos/BindUnique.app/embedded.mobileprovision (in target 'BindUnique' from project 'DyldFixupsLab')
    cd /Users/tommywu/Desktop/26暑期内容/iOS-source-review/DyldFixups
    builtin-productPackagingUtility /Users/tommywu/Library/Developer/Xcode/UserData/Provisioning\ Profiles/7ac49ed5-2770-4d6c-89ca-f3da36ada789.mobileprovision -o /Users/tommywu/Desktop/26暑期内容/iOS-source-review/DyldFixups/DerivedData-bindunique-auth/Build/Products/Release-iphoneos/BindUnique.app/embedded.mobileprovision

ProcessInfoPlistFile /Users/tommywu/Desktop/26暑期内容/iOS-source-review/DyldFixups/DerivedData-bindunique-auth/Build/Products/Release-iphoneos/BindProvider.framework/Info.plist /Users/tommywu/Desktop/26暑期内容/iOS-source-review/DyldFixups/DerivedData-bindunique-auth/Build/Intermediates.noindex/DyldFixupsLab.build/Release-iphoneos/BindProvider.build/empty-BindProvider.plist (in target 'BindProvider' from project 'DyldFixupsLab')
    cd /Users/tommywu/Desktop/26暑期内容/iOS-source-review/DyldFixups
    builtin-infoPlistUtility /Users/tommywu/Desktop/26暑期内容/iOS-source-review/DyldFixups/DerivedData-bindunique-auth/Build/Intermediates.noindex/DyldFixupsLab.build/Release-iphoneos/BindProvider.build/empty-BindProvider.plist -producttype com.apple.product-type.framework -expandbuildsettings -format binary -platform iphoneos -requiredArchitecture arm64 -o /Users/tommywu/Desktop/26暑期内容/iOS-source-review/DyldFixups/DerivedData-bindunique-auth/Build/Products/Release-iphoneos/BindProvider.framework/Info.plist

ProcessProductPackagingDER /Users/tommywu/Desktop/26暑期内容/iOS-source-review/DyldFixups/DerivedData-bindunique-auth/Build/Intermediates.noindex/DyldFixupsLab.build/Release-iphoneos/BindUnique.build/BindUnique.app.xcent /Users/tommywu/Desktop/26暑期内容/iOS-source-review/DyldFixups/DerivedData-bindunique-auth/Build/Intermediates.noindex/DyldFixupsLab.build/Release-iphoneos/BindUnique.build/BindUnique.app.xcent.der (in target 'BindUnique' from project 'DyldFixupsLab')
    cd /Users/tommywu/Desktop/26暑期内容/iOS-source-review/DyldFixups
    /usr/bin/derq query -f xml -i /Users/tommywu/Desktop/26暑期内容/iOS-source-review/DyldFixups/DerivedData-bindunique-auth/Build/Intermediates.noindex/DyldFixupsLab.build/Release-iphoneos/BindUnique.build/BindUnique.app.xcent -o /Users/tommywu/Desktop/26暑期内容/iOS-source-review/DyldFixups/DerivedData-bindunique-auth/Build/Intermediates.noindex/DyldFixupsLab.build/Release-iphoneos/BindUnique.build/BindUnique.app.xcent.der --raw

ScanDependencies /Users/tommywu/Desktop/26暑期内容/iOS-source-review/DyldFixups/DerivedData-bindunique-auth/Build/Intermediates.noindex/DyldFixupsLab.build/Release-iphoneos/BindUniquePayload.build/Objects-normal/arm64/BindUniquePayload_vers.o /Users/tommywu/Desktop/26暑期内容/iOS-source-review/DyldFixups/DerivedData-bindunique-auth/Build/Intermediates.noindex/DyldFixupsLab.build/Release-iphoneos/BindUniquePayload.build/DerivedSources/BindUniquePayload_vers.c normal arm64 c com.apple.compilers.llvm.clang.1_0.compiler (in target 'BindUniquePayload' from project 'DyldFixupsLab')
    cd /Users/tommywu/Desktop/26暑期内容/iOS-source-review/DyldFixups
    
    Using response file: /Users/tommywu/Desktop/26暑期内容/iOS-source-review/DyldFixups/DerivedData-bindunique-auth/Build/Intermediates.noindex/DyldFixupsLab.build/Release-iphoneos/BindUniquePayload.build/Objects-normal/arm64/7187679823f38a2a940e0043cdf9d637-common-args.resp
    
    builtin-ScanDependencies -o /Users/tommywu/Desktop/26暑期内容/iOS-source-review/DyldFixups/DerivedData-bindunique-auth/Build/Intermediates.noindex/DyldFixupsLab.build/Release-iphoneos/BindUniquePayload.build/Objects-normal/arm64/BindUniquePayload_vers.o.scan -- /Applications/Xcode.app/Contents/Developer/Toolchains/XcodeDefault.xctoolchain/usr/bin/clang -x c -ivfsstatcache /Users/tommywu/Desktop/26暑期内容/iOS-source-review/DyldFixups/DerivedData-bindunique-auth/SDKStatCaches.noindex/iphoneos27.0-24A430-6c78b3cbc238196c85e1bf6c792c5915.sdkstatcache -target arm64-apple-ios15.0 -fmessage-length\=0 -fdiagnostics-show-note-include-stack -fmacro-backtrace-limit\=0 -fno-color-diagnostics -fmodules-prune-interval\=86400 -fmodules-prune-after\=345600 -fbuild-session-file\=/Users/tommywu/Desktop/26暑期内容/iOS-source-review/DyldFixups/DerivedData-bindunique-auth/ModuleCache.noindex/Session.modulevalidation -fmodules-validate-once-per-build-session -Wnon-modular-include-in-framework-module -Werror\=non-modular-include-in-framework-module -Wno-trigraphs -Wno-missing-field-initializers -Wno-missing-prototypes -Werror\=return-type -Wdocumentation -Wunreachable-code -Wquoted-include-in-framework-header -Werror\=deprecated-objc-isa-usage -Werror\=objc-root-class -Wno-missing-braces -Wparentheses -Wswitch -Wunused-function -Wno-unused-label -Wno-unused-parameter -Wunused-variable -Wunused-value -Wempty-body -Wuninitialized -Wconditional-uninitialized -Wno-unknown-pragmas -Wno-shadow -Wno-four-char-constants -Wno-conversion -Wconstant-conversion -Wint-conversion -Wbool-conversion -Wenum-conversion -Wno-float-conversion -Wnon-literal-null-conversion -Wobjc-literal-conversion -Wshorten-64-to-32 -Wpointer-sign -Wno-newline-eof -Wno-implicit-fallthrough -isysroot /Applications/Xcode.app/Contents/Developer/Platforms/iPhoneOS.platform/Developer/SDKs/iPhoneOS27.0.sdk -fstrict-aliasing -Wdeprecated-declarations -Wno-sign-conversion -Winfinite-recursion -Wcomma -Wblock-capture-autoreleasing -Wstrict-prototypes -Wno-semicolon-before-method-body -Wunguarded-availability @/Users/tommywu/Desktop/26暑期内容/iOS-source-review/DyldFixups/DerivedData-bindunique-auth/Build/Intermediates.noindex/DyldFixupsLab.build/Release-iphoneos/BindUniquePayload.build/Objects-normal/arm64/7187679823f38a2a940e0043cdf9d637-common-args.resp -MMD -MT dependencies -MF /Users/tommywu/Desktop/26暑期内容/iOS-source-review/DyldFixups/DerivedData-bindunique-auth/Build/Intermediates.noindex/DyldFixupsLab.build/Release-iphoneos/BindUniquePayload.build/Objects-normal/arm64/BindUniquePayload_vers.d --serialize-diagnostics /Users/tommywu/Desktop/26暑期内容/iOS-source-review/DyldFixups/DerivedData-bindunique-auth/Build/Intermediates.noindex/DyldFixupsLab.build/Release-iphoneos/BindUniquePayload.build/Objects-normal/arm64/BindUniquePayload_vers.dia -c /Users/tommywu/Desktop/26暑期内容/iOS-source-review/DyldFixups/DerivedData-bindunique-auth/Build/Intermediates.noindex/DyldFixupsLab.build/Release-iphoneos/BindUniquePayload.build/DerivedSources/BindUniquePayload_vers.c -o /Users/tommywu/Desktop/26暑期内容/iOS-source-review/DyldFixups/DerivedData-bindunique-auth/Build/Intermediates.noindex/DyldFixupsLab.build/Release-iphoneos/BindUniquePayload.build/Objects-normal/arm64/BindUniquePayload_vers.o

ScanDependencies /Users/tommywu/Desktop/26暑期内容/iOS-source-review/DyldFixups/DerivedData-bindunique-auth/Build/Intermediates.noindex/DyldFixupsLab.build/Release-iphoneos/BindUniquePayload.build/Objects-normal/arm64/payload.o /Users/tommywu/Desktop/26暑期内容/iOS-source-review/DyldFixups/Generated/BindUnique/payload.c normal arm64 c com.apple.compilers.llvm.clang.1_0.compiler (in target 'BindUniquePayload' from project 'DyldFixupsLab')
    cd /Users/tommywu/Desktop/26暑期内容/iOS-source-review/DyldFixups
    
    Using response file: /Users/tommywu/Desktop/26暑期内容/iOS-source-review/DyldFixups/DerivedData-bindunique-auth/Build/Intermediates.noindex/DyldFixupsLab.build/Release-iphoneos/BindUniquePayload.build/Objects-normal/arm64/7187679823f38a2a940e0043cdf9d637-common-args.resp
    
    builtin-ScanDependencies -o /Users/tommywu/Desktop/26暑期内容/iOS-source-review/DyldFixups/DerivedData-bindunique-auth/Build/Intermediates.noindex/DyldFixupsLab.build/Release-iphoneos/BindUniquePayload.build/Objects-normal/arm64/payload.o.scan -- /Applications/Xcode.app/Contents/Developer/Toolchains/XcodeDefault.xctoolchain/usr/bin/clang -x c -ivfsstatcache /Users/tommywu/Desktop/26暑期内容/iOS-source-review/DyldFixups/DerivedData-bindunique-auth/SDKStatCaches.noindex/iphoneos27.0-24A430-6c78b3cbc238196c85e1bf6c792c5915.sdkstatcache -target arm64-apple-ios15.0 -fmessage-length\=0 -fdiagnostics-show-note-include-stack -fmacro-backtrace-limit\=0 -fno-color-diagnostics -fmodules-prune-interval\=86400 -fmodules-prune-after\=345600 -fbuild-session-file\=/Users/tommywu/Desktop/26暑期内容/iOS-source-review/DyldFixups/DerivedData-bindunique-auth/ModuleCache.noindex/Session.modulevalidation -fmodules-validate-once-per-build-session -Wnon-modular-include-in-framework-module -Werror\=non-modular-include-in-framework-module -Wno-trigraphs -Wno-missing-field-initializers -Wno-missing-prototypes -Werror\=return-type -Wdocumentation -Wunreachable-code -Wquoted-include-in-framework-header -Werror\=deprecated-objc-isa-usage -Werror\=objc-root-class -Wno-missing-braces -Wparentheses -Wswitch -Wunused-function -Wno-unused-label -Wno-unused-parameter -Wunused-variable -Wunused-value -Wempty-body -Wuninitialized -Wconditional-uninitialized -Wno-unknown-pragmas -Wno-shadow -Wno-four-char-constants -Wno-conversion -Wconstant-conversion -Wint-conversion -Wbool-conversion -Wenum-conversion -Wno-float-conversion -Wnon-literal-null-conversion -Wobjc-literal-conversion -Wshorten-64-to-32 -Wpointer-sign -Wno-newline-eof -Wno-implicit-fallthrough -isysroot /Applications/Xcode.app/Contents/Developer/Platforms/iPhoneOS.platform/Developer/SDKs/iPhoneOS27.0.sdk -fstrict-aliasing -Wdeprecated-declarations -Wno-sign-conversion -Winfinite-recursion -Wcomma -Wblock-capture-autoreleasing -Wstrict-prototypes -Wno-semicolon-before-method-body -Wunguarded-availability @/Users/tommywu/Desktop/26暑期内容/iOS-source-review/DyldFixups/DerivedData-bindunique-auth/Build/Intermediates.noindex/DyldFixupsLab.build/Release-iphoneos/BindUniquePayload.build/Objects-normal/arm64/7187679823f38a2a940e0043cdf9d637-common-args.resp -MMD -MT dependencies -MF /Users/tommywu/Desktop/26暑期内容/iOS-source-review/DyldFixups/DerivedData-bindunique-auth/Build/Intermediates.noindex/DyldFixupsLab.build/Release-iphoneos/BindUniquePayload.build/Objects-normal/arm64/payload.d --serialize-diagnostics /Users/tommywu/Desktop/26暑期内容/iOS-source-review/DyldFixups/DerivedData-bindunique-auth/Build/Intermediates.noindex/DyldFixupsLab.build/Release-iphoneos/BindUniquePayload.build/Objects-normal/arm64/payload.dia -c /Users/tommywu/Desktop/26暑期内容/iOS-source-review/DyldFixups/Generated/BindUnique/payload.c -o /Users/tommywu/Desktop/26暑期内容/iOS-source-review/DyldFixups/DerivedData-bindunique-auth/Build/Intermediates.noindex/DyldFixupsLab.build/Release-iphoneos/BindUniquePayload.build/Objects-normal/arm64/payload.o

ScanDependencies /Users/tommywu/Desktop/26暑期内容/iOS-source-review/DyldFixups/DerivedData-bindunique-auth/Build/Intermediates.noindex/DyldFixupsLab.build/Release-iphoneos/BindUnique.build/Objects-normal/arm64/main.o /Users/tommywu/Desktop/26暑期内容/iOS-source-review/DyldFixups/Sources/main.m normal arm64 objective-c com.apple.compilers.llvm.clang.1_0.compiler (in target 'BindUnique' from project 'DyldFixupsLab')
    cd /Users/tommywu/Desktop/26暑期内容/iOS-source-review/DyldFixups
    
    Using response file: /Users/tommywu/Desktop/26暑期内容/iOS-source-review/DyldFixups/DerivedData-bindunique-auth/Build/Intermediates.noindex/DyldFixupsLab.build/Release-iphoneos/BindUnique.build/Objects-normal/arm64/e6072d4f65d7061329687fe24e3d63a7-common-args.resp
    
    builtin-ScanDependencies -o /Users/tommywu/Desktop/26暑期内容/iOS-source-review/DyldFixups/DerivedData-bindunique-auth/Build/Intermediates.noindex/DyldFixupsLab.build/Release-iphoneos/BindUnique.build/Objects-normal/arm64/main.o.scan -- /Applications/Xcode.app/Contents/Developer/Toolchains/XcodeDefault.xctoolchain/usr/bin/clang -x objective-c -ivfsstatcache /Users/tommywu/Desktop/26暑期内容/iOS-source-review/DyldFixups/DerivedData-bindunique-auth/SDKStatCaches.noindex/iphoneos27.0-24A430-6c78b3cbc238196c85e1bf6c792c5915.sdkstatcache -target arm64-apple-ios15.0 -fmessage-length\=0 -fdiagnostics-show-note-include-stack -fmacro-backtrace-limit\=0 -fno-color-diagnostics -fmodules-prune-interval\=86400 -fmodules-prune-after\=345600 -fbuild-session-file\=/Users/tommywu/Desktop/26暑期内容/iOS-source-review/DyldFixups/DerivedData-bindunique-auth/ModuleCache.noindex/Session.modulevalidation -fmodules-validate-once-per-build-session -Wnon-modular-include-in-framework-module -Werror\=non-modular-include-in-framework-module -Wno-trigraphs -Wno-missing-field-initializers -Wno-missing-prototypes -Werror\=return-type -Wdocumentation -Wunreachable-code -Wquoted-include-in-framework-header -Wno-implicit-atomic-properties -Werror\=deprecated-objc-isa-usage -Wno-objc-interface-ivars -Werror\=objc-root-class -Wno-arc-repeated-use-of-weak -Wimplicit-retain-self -Wduplicate-method-match -Wno-missing-braces -Wparentheses -Wswitch -Wunused-function -Wno-unused-label -Wno-unused-parameter -Wunused-variable -Wunused-value -Wempty-body -Wuninitialized -Wconditional-uninitialized -Wno-unknown-pragmas -Wno-shadow -Wno-four-char-constants -Wno-conversion -Wconstant-conversion -Wint-conversion -Wbool-conversion -Wenum-conversion -Wno-float-conversion -Wnon-literal-null-conversion -Wobjc-literal-conversion -Wshorten-64-to-32 -Wpointer-sign -Wno-newline-eof -Wno-selector -Wno-strict-selector-match -Wundeclared-selector -Wdeprecated-implementations -Wno-implicit-fallthrough -isysroot /Applications/Xcode.app/Contents/Developer/Platforms/iPhoneOS.platform/Developer/SDKs/iPhoneOS27.0.sdk -fstrict-aliasing -Wprotocol -Wdeprecated-declarations -Wno-sign-conversion -Winfinite-recursion -Wcomma -Wblock-capture-autoreleasing -Wstrict-prototypes -Wno-semicolon-before-method-body -Wunguarded-availability @/Users/tommywu/Desktop/26暑期内容/iOS-source-review/DyldFixups/DerivedData-bindunique-auth/Build/Intermediates.noindex/DyldFixupsLab.build/Release-iphoneos/BindUnique.build/Objects-normal/arm64/e6072d4f65d7061329687fe24e3d63a7-common-args.resp -MMD -MT dependencies -MF /Users/tommywu/Desktop/26暑期内容/iOS-source-review/DyldFixups/DerivedData-bindunique-auth/Build/Intermediates.noindex/DyldFixupsLab.build/Release-iphoneos/BindUnique.build/Objects-normal/arm64/main.d --serialize-diagnostics /Users/tommywu/Desktop/26暑期内容/iOS-source-review/DyldFixups/DerivedData-bindunique-auth/Build/Intermediates.noindex/DyldFixupsLab.build/Release-iphoneos/BindUnique.build/Objects-normal/arm64/main.dia -c /Users/tommywu/Desktop/26暑期内容/iOS-source-review/DyldFixups/Sources/main.m -o /Users/tommywu/Desktop/26暑期内容/iOS-source-review/DyldFixups/DerivedData-bindunique-auth/Build/Intermediates.noindex/DyldFixupsLab.build/Release-iphoneos/BindUnique.build/Objects-normal/arm64/main.o

ScanDependencies /Users/tommywu/Desktop/26暑期内容/iOS-source-review/DyldFixups/DerivedData-bindunique-auth/Build/Intermediates.noindex/DyldFixupsLab.build/Release-iphoneos/BindProvider.build/Objects-normal/arm64/payload.o /Users/tommywu/Desktop/26暑期内容/iOS-source-review/DyldFixups/Generated/BindProvider/payload.c normal arm64 c com.apple.compilers.llvm.clang.1_0.compiler (in target 'BindProvider' from project 'DyldFixupsLab')
    cd /Users/tommywu/Desktop/26暑期内容/iOS-source-review/DyldFixups
    
    Using response file: /Users/tommywu/Desktop/26暑期内容/iOS-source-review/DyldFixups/DerivedData-bindunique-auth/Build/Intermediates.noindex/DyldFixupsLab.build/Release-iphoneos/BindProvider.build/Objects-normal/arm64/7187679823f38a2a940e0043cdf9d637-common-args.resp
    
    builtin-ScanDependencies -o /Users/tommywu/Desktop/26暑期内容/iOS-source-review/DyldFixups/DerivedData-bindunique-auth/Build/Intermediates.noindex/DyldFixupsLab.build/Release-iphoneos/BindProvider.build/Objects-normal/arm64/payload.o.scan -- /Applications/Xcode.app/Contents/Developer/Toolchains/XcodeDefault.xctoolchain/usr/bin/clang -x c -ivfsstatcache /Users/tommywu/Desktop/26暑期内容/iOS-source-review/DyldFixups/DerivedData-bindunique-auth/SDKStatCaches.noindex/iphoneos27.0-24A430-6c78b3cbc238196c85e1bf6c792c5915.sdkstatcache -target arm64-apple-ios15.0 -fmessage-length\=0 -fdiagnostics-show-note-include-stack -fmacro-backtrace-limit\=0 -fno-color-diagnostics -fmodules-prune-interval\=86400 -fmodules-prune-after\=345600 -fbuild-session-file\=/Users/tommywu/Desktop/26暑期内容/iOS-source-review/DyldFixups/DerivedData-bindunique-auth/ModuleCache.noindex/Session.modulevalidation -fmodules-validate-once-per-build-session -Wnon-modular-include-in-framework-module -Werror\=non-modular-include-in-framework-module -Wno-trigraphs -Wno-missing-field-initializers -Wno-missing-prototypes -Werror\=return-type -Wdocumentation -Wunreachable-code -Wquoted-include-in-framework-header -Werror\=deprecated-objc-isa-usage -Werror\=objc-root-class -Wno-missing-braces -Wparentheses -Wswitch -Wunused-function -Wno-unused-label -Wno-unused-parameter -Wunused-variable -Wunused-value -Wempty-body -Wuninitialized -Wconditional-uninitialized -Wno-unknown-pragmas -Wno-shadow -Wno-four-char-constants -Wno-conversion -Wconstant-conversion -Wint-conversion -Wbool-conversion -Wenum-conversion -Wno-float-conversion -Wnon-literal-null-conversion -Wobjc-literal-conversion -Wshorten-64-to-32 -Wpointer-sign -Wno-newline-eof -Wno-implicit-fallthrough -isysroot /Applications/Xcode.app/Contents/Developer/Platforms/iPhoneOS.platform/Developer/SDKs/iPhoneOS27.0.sdk -fstrict-aliasing -Wdeprecated-declarations -Wno-sign-conversion -Winfinite-recursion -Wcomma -Wblock-capture-autoreleasing -Wstrict-prototypes -Wno-semicolon-before-method-body -Wunguarded-availability @/Users/tommywu/Desktop/26暑期内容/iOS-source-review/DyldFixups/DerivedData-bindunique-auth/Build/Intermediates.noindex/DyldFixupsLab.build/Release-iphoneos/BindProvider.build/Objects-normal/arm64/7187679823f38a2a940e0043cdf9d637-common-args.resp -MMD -MT dependencies -MF /Users/tommywu/Desktop/26暑期内容/iOS-source-review/DyldFixups/DerivedData-bindunique-auth/Build/Intermediates.noindex/DyldFixupsLab.build/Release-iphoneos/BindProvider.build/Objects-normal/arm64/payload.d --serialize-diagnostics /Users/tommywu/Desktop/26暑期内容/iOS-source-review/DyldFixups/DerivedData-bindunique-auth/Build/Intermediates.noindex/DyldFixupsLab.build/Release-iphoneos/BindProvider.build/Objects-normal/arm64/payload.dia -c /Users/tommywu/Desktop/26暑期内容/iOS-source-review/DyldFixups/Generated/BindProvider/payload.c -o /Users/tommywu/Desktop/26暑期内容/iOS-source-review/DyldFixups/DerivedData-bindunique-auth/Build/Intermediates.noindex/DyldFixupsLab.build/Release-iphoneos/BindProvider.build/Objects-normal/arm64/payload.o

ScanDependencies /Users/tommywu/Desktop/26暑期内容/iOS-source-review/DyldFixups/DerivedData-bindunique-auth/Build/Intermediates.noindex/DyldFixupsLab.build/Release-iphoneos/BindProvider.build/Objects-normal/arm64/BindProvider_vers.o /Users/tommywu/Desktop/26暑期内容/iOS-source-review/DyldFixups/DerivedData-bindunique-auth/Build/Intermediates.noindex/DyldFixupsLab.build/Release-iphoneos/BindProvider.build/DerivedSources/BindProvider_vers.c normal arm64 c com.apple.compilers.llvm.clang.1_0.compiler (in target 'BindProvider' from project 'DyldFixupsLab')
    cd /Users/tommywu/Desktop/26暑期内容/iOS-source-review/DyldFixups
    
    Using response file: /Users/tommywu/Desktop/26暑期内容/iOS-source-review/DyldFixups/DerivedData-bindunique-auth/Build/Intermediates.noindex/DyldFixupsLab.build/Release-iphoneos/BindProvider.build/Objects-normal/arm64/7187679823f38a2a940e0043cdf9d637-common-args.resp
    
    builtin-ScanDependencies -o /Users/tommywu/Desktop/26暑期内容/iOS-source-review/DyldFixups/DerivedData-bindunique-auth/Build/Intermediates.noindex/DyldFixupsLab.build/Release-iphoneos/BindProvider.build/Objects-normal/arm64/BindProvider_vers.o.scan -- /Applications/Xcode.app/Contents/Developer/Toolchains/XcodeDefault.xctoolchain/usr/bin/clang -x c -ivfsstatcache /Users/tommywu/Desktop/26暑期内容/iOS-source-review/DyldFixups/DerivedData-bindunique-auth/SDKStatCaches.noindex/iphoneos27.0-24A430-6c78b3cbc238196c85e1bf6c792c5915.sdkstatcache -target arm64-apple-ios15.0 -fmessage-length\=0 -fdiagnostics-show-note-include-stack -fmacro-backtrace-limit\=0 -fno-color-diagnostics -fmodules-prune-interval\=86400 -fmodules-prune-after\=345600 -fbuild-session-file\=/Users/tommywu/Desktop/26暑期内容/iOS-source-review/DyldFixups/DerivedData-bindunique-auth/ModuleCache.noindex/Session.modulevalidation -fmodules-validate-once-per-build-session -Wnon-modular-include-in-framework-module -Werror\=non-modular-include-in-framework-module -Wno-trigraphs -Wno-missing-field-initializers -Wno-missing-prototypes -Werror\=return-type -Wdocumentation -Wunreachable-code -Wquoted-include-in-framework-header -Werror\=deprecated-objc-isa-usage -Werror\=objc-root-class -Wno-missing-braces -Wparentheses -Wswitch -Wunused-function -Wno-unused-label -Wno-unused-parameter -Wunused-variable -Wunused-value -Wempty-body -Wuninitialized -Wconditional-uninitialized -Wno-unknown-pragmas -Wno-shadow -Wno-four-char-constants -Wno-conversion -Wconstant-conversion -Wint-conversion -Wbool-conversion -Wenum-conversion -Wno-float-conversion -Wnon-literal-null-conversion -Wobjc-literal-conversion -Wshorten-64-to-32 -Wpointer-sign -Wno-newline-eof -Wno-implicit-fallthrough -isysroot /Applications/Xcode.app/Contents/Developer/Platforms/iPhoneOS.platform/Developer/SDKs/iPhoneOS27.0.sdk -fstrict-aliasing -Wdeprecated-declarations -Wno-sign-conversion -Winfinite-recursion -Wcomma -Wblock-capture-autoreleasing -Wstrict-prototypes -Wno-semicolon-before-method-body -Wunguarded-availability @/Users/tommywu/Desktop/26暑期内容/iOS-source-review/DyldFixups/DerivedData-bindunique-auth/Build/Intermediates.noindex/DyldFixupsLab.build/Release-iphoneos/BindProvider.build/Objects-normal/arm64/7187679823f38a2a940e0043cdf9d637-common-args.resp -MMD -MT dependencies -MF /Users/tommywu/Desktop/26暑期内容/iOS-source-review/DyldFixups/DerivedData-bindunique-auth/Build/Intermediates.noindex/DyldFixupsLab.build/Release-iphoneos/BindProvider.build/Objects-normal/arm64/BindProvider_vers.d --serialize-diagnostics /Users/tommywu/Desktop/26暑期内容/iOS-source-review/DyldFixups/DerivedData-bindunique-auth/Build/Intermediates.noindex/DyldFixupsLab.build/Release-iphoneos/BindProvider.build/Objects-normal/arm64/BindProvider_vers.dia -c /Users/tommywu/Desktop/26暑期内容/iOS-source-review/DyldFixups/DerivedData-bindunique-auth/Build/Intermediates.noindex/DyldFixupsLab.build/Release-iphoneos/BindProvider.build/DerivedSources/BindProvider_vers.c -o /Users/tommywu/Desktop/26暑期内容/iOS-source-review/DyldFixups/DerivedData-bindunique-auth/Build/Intermediates.noindex/DyldFixupsLab.build/Release-iphoneos/BindProvider.build/Objects-normal/arm64/BindProvider_vers.o

CompileC /Users/tommywu/Desktop/26暑期内容/iOS-source-review/DyldFixups/DerivedData-bindunique-auth/Build/Intermediates.noindex/DyldFixupsLab.build/Release-iphoneos/BindUniquePayload.build/Objects-normal/arm64/BindUniquePayload_vers.o /Users/tommywu/Desktop/26暑期内容/iOS-source-review/DyldFixups/DerivedData-bindunique-auth/Build/Intermediates.noindex/DyldFixupsLab.build/Release-iphoneos/BindUniquePayload.build/DerivedSources/BindUniquePayload_vers.c normal arm64 c com.apple.compilers.llvm.clang.1_0.compiler (in target 'BindUniquePayload' from project 'DyldFixupsLab')
    cd /Users/tommywu/Desktop/26暑期内容/iOS-source-review/DyldFixups
    
    Using response file: /Users/tommywu/Desktop/26暑期内容/iOS-source-review/DyldFixups/DerivedData-bindunique-auth/Build/Intermediates.noindex/DyldFixupsLab.build/Release-iphoneos/BindUniquePayload.build/Objects-normal/arm64/7187679823f38a2a940e0043cdf9d637-common-args.resp
    
    /Applications/Xcode.app/Contents/Developer/Toolchains/XcodeDefault.xctoolchain/usr/bin/clang -x c -ivfsstatcache /Users/tommywu/Desktop/26暑期内容/iOS-source-review/DyldFixups/DerivedData-bindunique-auth/SDKStatCaches.noindex/iphoneos27.0-24A430-6c78b3cbc238196c85e1bf6c792c5915.sdkstatcache -target arm64-apple-ios15.0 -fmessage-length\=0 -fdiagnostics-show-note-include-stack -fmacro-backtrace-limit\=0 -fno-color-diagnostics -fmodules-prune-interval\=86400 -fmodules-prune-after\=345600 -fbuild-session-file\=/Users/tommywu/Desktop/26暑期内容/iOS-source-review/DyldFixups/DerivedData-bindunique-auth/ModuleCache.noindex/Session.modulevalidation -fmodules-validate-once-per-build-session -Wnon-modular-include-in-framework-module -Werror\=non-modular-include-in-framework-module -Wno-trigraphs -Wno-missing-field-initializers -Wno-missing-prototypes -Werror\=return-type -Wdocumentation -Wunreachable-code -Wquoted-include-in-framework-header -Werror\=deprecated-objc-isa-usage -Werror\=objc-root-class -Wno-missing-braces -Wparentheses -Wswitch -Wunused-function -Wno-unused-label -Wno-unused-parameter -Wunused-variable -Wunused-value -Wempty-body -Wuninitialized -Wconditional-uninitialized -Wno-unknown-pragmas -Wno-shadow -Wno-four-char-constants -Wno-conversion -Wconstant-conversion -Wint-conversion -Wbool-conversion -Wenum-conversion -Wno-float-conversion -Wnon-literal-null-conversion -Wobjc-literal-conversion -Wshorten-64-to-32 -Wpointer-sign -Wno-newline-eof -Wno-implicit-fallthrough -isysroot /Applications/Xcode.app/Contents/Developer/Platforms/iPhoneOS.platform/Developer/SDKs/iPhoneOS27.0.sdk -fstrict-aliasing -Wdeprecated-declarations -Wno-sign-conversion -Winfinite-recursion -Wcomma -Wblock-capture-autoreleasing -Wstrict-prototypes -Wno-semicolon-before-method-body -Wunguarded-availability @/Users/tommywu/Desktop/26暑期内容/iOS-source-review/DyldFixups/DerivedData-bindunique-auth/Build/Intermediates.noindex/DyldFixupsLab.build/Release-iphoneos/BindUniquePayload.build/Objects-normal/arm64/7187679823f38a2a940e0043cdf9d637-common-args.resp -MMD -MT dependencies -MF /Users/tommywu/Desktop/26暑期内容/iOS-source-review/DyldFixups/DerivedData-bindunique-auth/Build/Intermediates.noindex/DyldFixupsLab.build/Release-iphoneos/BindUniquePayload.build/Objects-normal/arm64/BindUniquePayload_vers.d --serialize-diagnostics /Users/tommywu/Desktop/26暑期内容/iOS-source-review/DyldFixups/DerivedData-bindunique-auth/Build/Intermediates.noindex/DyldFixupsLab.build/Release-iphoneos/BindUniquePayload.build/Objects-normal/arm64/BindUniquePayload_vers.dia -c /Users/tommywu/Desktop/26暑期内容/iOS-source-review/DyldFixups/DerivedData-bindunique-auth/Build/Intermediates.noindex/DyldFixupsLab.build/Release-iphoneos/BindUniquePayload.build/DerivedSources/BindUniquePayload_vers.c -o /Users/tommywu/Desktop/26暑期内容/iOS-source-review/DyldFixups/DerivedData-bindunique-auth/Build/Intermediates.noindex/DyldFixupsLab.build/Release-iphoneos/BindUniquePayload.build/Objects-normal/arm64/BindUniquePayload_vers.o

CompileC /Users/tommywu/Desktop/26暑期内容/iOS-source-review/DyldFixups/DerivedData-bindunique-auth/Build/Intermediates.noindex/DyldFixupsLab.build/Release-iphoneos/BindProvider.build/Objects-normal/arm64/BindProvider_vers.o /Users/tommywu/Desktop/26暑期内容/iOS-source-review/DyldFixups/DerivedData-bindunique-auth/Build/Intermediates.noindex/DyldFixupsLab.build/Release-iphoneos/BindProvider.build/DerivedSources/BindProvider_vers.c normal arm64 c com.apple.compilers.llvm.clang.1_0.compiler (in target 'BindProvider' from project 'DyldFixupsLab')
    cd /Users/tommywu/Desktop/26暑期内容/iOS-source-review/DyldFixups
    
    Using response file: /Users/tommywu/Desktop/26暑期内容/iOS-source-review/DyldFixups/DerivedData-bindunique-auth/Build/Intermediates.noindex/DyldFixupsLab.build/Release-iphoneos/BindProvider.build/Objects-normal/arm64/7187679823f38a2a940e0043cdf9d637-common-args.resp
    
    /Applications/Xcode.app/Contents/Developer/Toolchains/XcodeDefault.xctoolchain/usr/bin/clang -x c -ivfsstatcache /Users/tommywu/Desktop/26暑期内容/iOS-source-review/DyldFixups/DerivedData-bindunique-auth/SDKStatCaches.noindex/iphoneos27.0-24A430-6c78b3cbc238196c85e1bf6c792c5915.sdkstatcache -target arm64-apple-ios15.0 -fmessage-length\=0 -fdiagnostics-show-note-include-stack -fmacro-backtrace-limit\=0 -fno-color-diagnostics -fmodules-prune-interval\=86400 -fmodules-prune-after\=345600 -fbuild-session-file\=/Users/tommywu/Desktop/26暑期内容/iOS-source-review/DyldFixups/DerivedData-bindunique-auth/ModuleCache.noindex/Session.modulevalidation -fmodules-validate-once-per-build-session -Wnon-modular-include-in-framework-module -Werror\=non-modular-include-in-framework-module -Wno-trigraphs -Wno-missing-field-initializers -Wno-missing-prototypes -Werror\=return-type -Wdocumentation -Wunreachable-code -Wquoted-include-in-framework-header -Werror\=deprecated-objc-isa-usage -Werror\=objc-root-class -Wno-missing-braces -Wparentheses -Wswitch -Wunused-function -Wno-unused-label -Wno-unused-parameter -Wunused-variable -Wunused-value -Wempty-body -Wuninitialized -Wconditional-uninitialized -Wno-unknown-pragmas -Wno-shadow -Wno-four-char-constants -Wno-conversion -Wconstant-conversion -Wint-conversion -Wbool-conversion -Wenum-conversion -Wno-float-conversion -Wnon-literal-null-conversion -Wobjc-literal-conversion -Wshorten-64-to-32 -Wpointer-sign -Wno-newline-eof -Wno-implicit-fallthrough -isysroot /Applications/Xcode.app/Contents/Developer/Platforms/iPhoneOS.platform/Developer/SDKs/iPhoneOS27.0.sdk -fstrict-aliasing -Wdeprecated-declarations -Wno-sign-conversion -Winfinite-recursion -Wcomma -Wblock-capture-autoreleasing -Wstrict-prototypes -Wno-semicolon-before-method-body -Wunguarded-availability @/Users/tommywu/Desktop/26暑期内容/iOS-source-review/DyldFixups/DerivedData-bindunique-auth/Build/Intermediates.noindex/DyldFixupsLab.build/Release-iphoneos/BindProvider.build/Objects-normal/arm64/7187679823f38a2a940e0043cdf9d637-common-args.resp -MMD -MT dependencies -MF /Users/tommywu/Desktop/26暑期内容/iOS-source-review/DyldFixups/DerivedData-bindunique-auth/Build/Intermediates.noindex/DyldFixupsLab.build/Release-iphoneos/BindProvider.build/Objects-normal/arm64/BindProvider_vers.d --serialize-diagnostics /Users/tommywu/Desktop/26暑期内容/iOS-source-review/DyldFixups/DerivedData-bindunique-auth/Build/Intermediates.noindex/DyldFixupsLab.build/Release-iphoneos/BindProvider.build/Objects-normal/arm64/BindProvider_vers.dia -c /Users/tommywu/Desktop/26暑期内容/iOS-source-review/DyldFixups/DerivedData-bindunique-auth/Build/Intermediates.noindex/DyldFixupsLab.build/Release-iphoneos/BindProvider.build/DerivedSources/BindProvider_vers.c -o /Users/tommywu/Desktop/26暑期内容/iOS-source-review/DyldFixups/DerivedData-bindunique-auth/Build/Intermediates.noindex/DyldFixupsLab.build/Release-iphoneos/BindProvider.build/Objects-normal/arm64/BindProvider_vers.o

CompileC /Users/tommywu/Desktop/26暑期内容/iOS-source-review/DyldFixups/DerivedData-bindunique-auth/Build/Intermediates.noindex/DyldFixupsLab.build/Release-iphoneos/BindProvider.build/Objects-normal/arm64/payload.o /Users/tommywu/Desktop/26暑期内容/iOS-source-review/DyldFixups/Generated/BindProvider/payload.c normal arm64 c com.apple.compilers.llvm.clang.1_0.compiler (in target 'BindProvider' from project 'DyldFixupsLab')
    cd /Users/tommywu/Desktop/26暑期内容/iOS-source-review/DyldFixups
    
    Using response file: /Users/tommywu/Desktop/26暑期内容/iOS-source-review/DyldFixups/DerivedData-bindunique-auth/Build/Intermediates.noindex/DyldFixupsLab.build/Release-iphoneos/BindProvider.build/Objects-normal/arm64/7187679823f38a2a940e0043cdf9d637-common-args.resp
    
    /Applications/Xcode.app/Contents/Developer/Toolchains/XcodeDefault.xctoolchain/usr/bin/clang -x c -ivfsstatcache /Users/tommywu/Desktop/26暑期内容/iOS-source-review/DyldFixups/DerivedData-bindunique-auth/SDKStatCaches.noindex/iphoneos27.0-24A430-6c78b3cbc238196c85e1bf6c792c5915.sdkstatcache -target arm64-apple-ios15.0 -fmessage-length\=0 -fdiagnostics-show-note-include-stack -fmacro-backtrace-limit\=0 -fno-color-diagnostics -fmodules-prune-interval\=86400 -fmodules-prune-after\=345600 -fbuild-session-file\=/Users/tommywu/Desktop/26暑期内容/iOS-source-review/DyldFixups/DerivedData-bindunique-auth/ModuleCache.noindex/Session.modulevalidation -fmodules-validate-once-per-build-session -Wnon-modular-include-in-framework-module -Werror\=non-modular-include-in-framework-module -Wno-trigraphs -Wno-missing-field-initializers -Wno-missing-prototypes -Werror\=return-type -Wdocumentation -Wunreachable-code -Wquoted-include-in-framework-header -Werror\=deprecated-objc-isa-usage -Werror\=objc-root-class -Wno-missing-braces -Wparentheses -Wswitch -Wunused-function -Wno-unused-label -Wno-unused-parameter -Wunused-variable -Wunused-value -Wempty-body -Wuninitialized -Wconditional-uninitialized -Wno-unknown-pragmas -Wno-shadow -Wno-four-char-constants -Wno-conversion -Wconstant-conversion -Wint-conversion -Wbool-conversion -Wenum-conversion -Wno-float-conversion -Wnon-literal-null-conversion -Wobjc-literal-conversion -Wshorten-64-to-32 -Wpointer-sign -Wno-newline-eof -Wno-implicit-fallthrough -isysroot /Applications/Xcode.app/Contents/Developer/Platforms/iPhoneOS.platform/Developer/SDKs/iPhoneOS27.0.sdk -fstrict-aliasing -Wdeprecated-declarations -Wno-sign-conversion -Winfinite-recursion -Wcomma -Wblock-capture-autoreleasing -Wstrict-prototypes -Wno-semicolon-before-method-body -Wunguarded-availability @/Users/tommywu/Desktop/26暑期内容/iOS-source-review/DyldFixups/DerivedData-bindunique-auth/Build/Intermediates.noindex/DyldFixupsLab.build/Release-iphoneos/BindProvider.build/Objects-normal/arm64/7187679823f38a2a940e0043cdf9d637-common-args.resp -MMD -MT dependencies -MF /Users/tommywu/Desktop/26暑期内容/iOS-source-review/DyldFixups/DerivedData-bindunique-auth/Build/Intermediates.noindex/DyldFixupsLab.build/Release-iphoneos/BindProvider.build/Objects-normal/arm64/payload.d --serialize-diagnostics /Users/tommywu/Desktop/26暑期内容/iOS-source-review/DyldFixups/DerivedData-bindunique-auth/Build/Intermediates.noindex/DyldFixupsLab.build/Release-iphoneos/BindProvider.build/Objects-normal/arm64/payload.dia -c /Users/tommywu/Desktop/26暑期内容/iOS-source-review/DyldFixups/Generated/BindProvider/payload.c -o /Users/tommywu/Desktop/26暑期内容/iOS-source-review/DyldFixups/DerivedData-bindunique-auth/Build/Intermediates.noindex/DyldFixupsLab.build/Release-iphoneos/BindProvider.build/Objects-normal/arm64/payload.o

PrecompileModule /Users/tommywu/Desktop/26暑期内容/iOS-source-review/DyldFixups/DerivedData-bindunique-auth/Build/Intermediates.noindex/ExplicitPrecompiledModules/_Builtin_stddef-7P2JJSZGPY52YZSDHV2TKN5NT.scan
    cd /
    builtin-precompileModule /Users/tommywu/Desktop/26暑期内容/iOS-source-review/DyldFixups/DerivedData-bindunique-auth/Build/Intermediates.noindex/ExplicitPrecompiledModules/_Builtin_stddef-7P2JJSZGPY52YZSDHV2TKN5NT.scan

CompileC /Users/tommywu/Desktop/26暑期内容/iOS-source-review/DyldFixups/DerivedData-bindunique-auth/Build/Intermediates.noindex/DyldFixupsLab.build/Release-iphoneos/BindUniquePayload.build/Objects-normal/arm64/payload.o /Users/tommywu/Desktop/26暑期内容/iOS-source-review/DyldFixups/Generated/BindUnique/payload.c normal arm64 c com.apple.compilers.llvm.clang.1_0.compiler (in target 'BindUniquePayload' from project 'DyldFixupsLab')
    cd /Users/tommywu/Desktop/26暑期内容/iOS-source-review/DyldFixups
    
    Using response file: /Users/tommywu/Desktop/26暑期内容/iOS-source-review/DyldFixups/DerivedData-bindunique-auth/Build/Intermediates.noindex/DyldFixupsLab.build/Release-iphoneos/BindUniquePayload.build/Objects-normal/arm64/7187679823f38a2a940e0043cdf9d637-common-args.resp
    
    /Applications/Xcode.app/Contents/Developer/Toolchains/XcodeDefault.xctoolchain/usr/bin/clang -x c -ivfsstatcache /Users/tommywu/Desktop/26暑期内容/iOS-source-review/DyldFixups/DerivedData-bindunique-auth/SDKStatCaches.noindex/iphoneos27.0-24A430-6c78b3cbc238196c85e1bf6c792c5915.sdkstatcache -target arm64-apple-ios15.0 -fmessage-length\=0 -fdiagnostics-show-note-include-stack -fmacro-backtrace-limit\=0 -fno-color-diagnostics -fmodules-prune-interval\=86400 -fmodules-prune-after\=345600 -fbuild-session-file\=/Users/tommywu/Desktop/26暑期内容/iOS-source-review/DyldFixups/DerivedData-bindunique-auth/ModuleCache.noindex/Session.modulevalidation -fmodules-validate-once-per-build-session -Wnon-modular-include-in-framework-module -Werror\=non-modular-include-in-framework-module -Wno-trigraphs -Wno-missing-field-initializers -Wno-missing-prototypes -Werror\=return-type -Wdocumentation -Wunreachable-code -Wquoted-include-in-framework-header -Werror\=deprecated-objc-isa-usage -Werror\=objc-root-class -Wno-missing-braces -Wparentheses -Wswitch -Wunused-function -Wno-unused-label -Wno-unused-parameter -Wunused-variable -Wunused-value -Wempty-body -Wuninitialized -Wconditional-uninitialized -Wno-unknown-pragmas -Wno-shadow -Wno-four-char-constants -Wno-conversion -Wconstant-conversion -Wint-conversion -Wbool-conversion -Wenum-conversion -Wno-float-conversion -Wnon-literal-null-conversion -Wobjc-literal-conversion -Wshorten-64-to-32 -Wpointer-sign -Wno-newline-eof -Wno-implicit-fallthrough -isysroot /Applications/Xcode.app/Contents/Developer/Platforms/iPhoneOS.platform/Developer/SDKs/iPhoneOS27.0.sdk -fstrict-aliasing -Wdeprecated-declarations -Wno-sign-conversion -Winfinite-recursion -Wcomma -Wblock-capture-autoreleasing -Wstrict-prototypes -Wno-semicolon-before-method-body -Wunguarded-availability @/Users/tommywu/Desktop/26暑期内容/iOS-source-review/DyldFixups/DerivedData-bindunique-auth/Build/Intermediates.noindex/DyldFixupsLab.build/Release-iphoneos/BindUniquePayload.build/Objects-normal/arm64/7187679823f38a2a940e0043cdf9d637-common-args.resp -MMD -MT dependencies -MF /Users/tommywu/Desktop/26暑期内容/iOS-source-review/DyldFixups/DerivedData-bindunique-auth/Build/Intermediates.noindex/DyldFixupsLab.build/Release-iphoneos/BindUniquePayload.build/Objects-normal/arm64/payload.d --serialize-diagnostics /Users/tommywu/Desktop/26暑期内容/iOS-source-review/DyldFixups/DerivedData-bindunique-auth/Build/Intermediates.noindex/DyldFixupsLab.build/Release-iphoneos/BindUniquePayload.build/Objects-normal/arm64/payload.dia -c /Users/tommywu/Desktop/26暑期内容/iOS-source-review/DyldFixups/Generated/BindUnique/payload.c -o /Users/tommywu/Desktop/26暑期内容/iOS-source-review/DyldFixups/DerivedData-bindunique-auth/Build/Intermediates.noindex/DyldFixupsLab.build/Release-iphoneos/BindUniquePayload.build/Objects-normal/arm64/payload.o

PrecompileModule /Users/tommywu/Desktop/26暑期内容/iOS-source-review/DyldFixups/DerivedData-bindunique-auth/Build/Intermediates.noindex/ExplicitPrecompiledModules/_Builtin_stdbool-3CHY04B19HHWG2ZP7NAGX3BIT.scan
    cd /
    builtin-precompileModule /Users/tommywu/Desktop/26暑期内容/iOS-source-review/DyldFixups/DerivedData-bindunique-auth/Build/Intermediates.noindex/ExplicitPrecompiledModules/_Builtin_stdbool-3CHY04B19HHWG2ZP7NAGX3BIT.scan

PrecompileModule /Users/tommywu/Desktop/26暑期内容/iOS-source-review/DyldFixups/DerivedData-bindunique-auth/Build/Intermediates.noindex/ExplicitPrecompiledModules/_AvailabilityInternal-366S7FWQFJIOP3AWSAZ4IW7TU.scan
    cd /
    builtin-precompileModule /Users/tommywu/Desktop/26暑期内容/iOS-source-review/DyldFixups/DerivedData-bindunique-auth/Build/Intermediates.noindex/ExplicitPrecompiledModules/_AvailabilityInternal-366S7FWQFJIOP3AWSAZ4IW7TU.scan

PrecompileModule /Users/tommywu/Desktop/26暑期内容/iOS-source-review/DyldFixups/DerivedData-bindunique-auth/Build/Intermediates.noindex/ExplicitPrecompiledModules/_Builtin_stddef-83A2MRSPAE6PK4LXKMCO5IT9A.scan
    cd /
    builtin-precompileModule /Users/tommywu/Desktop/26暑期内容/iOS-source-review/DyldFixups/DerivedData-bindunique-auth/Build/Intermediates.noindex/ExplicitPrecompiledModules/_Builtin_stddef-83A2MRSPAE6PK4LXKMCO5IT9A.scan

PrecompileModule /Users/tommywu/Desktop/26暑期内容/iOS-source-review/DyldFixups/DerivedData-bindunique-auth/Build/Intermediates.noindex/ExplicitPrecompiledModules/_Builtin_float-7H8810RFNNF419BWUPW47OYDF.scan
    cd /
    builtin-precompileModule /Users/tommywu/Desktop/26暑期内容/iOS-source-review/DyldFixups/DerivedData-bindunique-auth/Build/Intermediates.noindex/ExplicitPrecompiledModules/_Builtin_float-7H8810RFNNF419BWUPW47OYDF.scan

PrecompileModule /Users/tommywu/Desktop/26暑期内容/iOS-source-review/DyldFixups/DerivedData-bindunique-auth/Build/Intermediates.noindex/ExplicitPrecompiledModules/ptrcheck-CTDHYVGUBE9U5AXZI4S3YH2K7.scan
    cd /
    builtin-precompileModule /Users/tommywu/Desktop/26暑期内容/iOS-source-review/DyldFixups/DerivedData-bindunique-auth/Build/Intermediates.noindex/ExplicitPrecompiledModules/ptrcheck-CTDHYVGUBE9U5AXZI4S3YH2K7.scan

PrecompileModule /Users/tommywu/Desktop/26暑期内容/iOS-source-review/DyldFixups/DerivedData-bindunique-auth/Build/Intermediates.noindex/ExplicitPrecompiledModules/_Builtin_stdarg-EG1CGJT0VAT1WBO04FF8MNURN.scan
    cd /
    builtin-precompileModule /Users/tommywu/Desktop/26暑期内容/iOS-source-review/DyldFixups/DerivedData-bindunique-auth/Build/Intermediates.noindex/ExplicitPrecompiledModules/_Builtin_stdarg-EG1CGJT0VAT1WBO04FF8MNURN.scan

PrecompileModule /Users/tommywu/Desktop/26暑期内容/iOS-source-review/DyldFixups/DerivedData-bindunique-auth/Build/Intermediates.noindex/ExplicitPrecompiledModules/_DarwinFoundation1-1LUYYXFJFCXJL0XOJ72APRQP9.scan
    cd /
    builtin-precompileModule /Users/tommywu/Desktop/26暑期内容/iOS-source-review/DyldFixups/DerivedData-bindunique-auth/Build/Intermediates.noindex/ExplicitPrecompiledModules/_DarwinFoundation1-1LUYYXFJFCXJL0XOJ72APRQP9.scan

PrecompileModule /Users/tommywu/Desktop/26暑期内容/iOS-source-review/DyldFixups/DerivedData-bindunique-auth/Build/Intermediates.noindex/ExplicitPrecompiledModules/_DarwinFoundation2-8SXSAKISI6F7VKIBHTWJMK025.scan
    cd /
    builtin-precompileModule /Users/tommywu/Desktop/26暑期内容/iOS-source-review/DyldFixups/DerivedData-bindunique-auth/Build/Intermediates.noindex/ExplicitPrecompiledModules/_DarwinFoundation2-8SXSAKISI6F7VKIBHTWJMK025.scan

PrecompileModule /Users/tommywu/Desktop/26暑期内容/iOS-source-review/DyldFixups/DerivedData-bindunique-auth/Build/Intermediates.noindex/ExplicitPrecompiledModules/_Builtin_limits-7LH4QEC0EHOLWBRWA8BZV1TSY.scan
    cd /
    builtin-precompileModule /Users/tommywu/Desktop/26暑期内容/iOS-source-review/DyldFixups/DerivedData-bindunique-auth/Build/Intermediates.noindex/ExplicitPrecompiledModules/_Builtin_limits-7LH4QEC0EHOLWBRWA8BZV1TSY.scan

PrecompileModule /Users/tommywu/Desktop/26暑期内容/iOS-source-review/DyldFixups/DerivedData-bindunique-auth/Build/Intermediates.noindex/ExplicitPrecompiledModules/_Builtin_stdint-CBTJ7IHQ0YVCL8K65LZRLG8C.scan
    cd /
    builtin-precompileModule /Users/tommywu/Desktop/26暑期内容/iOS-source-review/DyldFixups/DerivedData-bindunique-auth/Build/Intermediates.noindex/ExplicitPrecompiledModules/_Builtin_stdint-CBTJ7IHQ0YVCL8K65LZRLG8C.scan

PrecompileModule /Users/tommywu/Desktop/26暑期内容/iOS-source-review/DyldFixups/DerivedData-bindunique-auth/Build/Intermediates.noindex/ExplicitPrecompiledModules/_DarwinFoundation3-B8YURFTX2I0DBJUIHW6YNDH61.scan
    cd /
    builtin-precompileModule /Users/tommywu/Desktop/26暑期内容/iOS-source-review/DyldFixups/DerivedData-bindunique-auth/Build/Intermediates.noindex/ExplicitPrecompiledModules/_DarwinFoundation3-B8YURFTX2I0DBJUIHW6YNDH61.scan

PrecompileModule /Users/tommywu/Desktop/26暑期内容/iOS-source-review/DyldFixups/DerivedData-bindunique-auth/Build/Intermediates.noindex/ExplicitPrecompiledModules/_Builtin_inttypes-VO8MA8WO4346E593UJSY5K84.scan
    cd /
    builtin-precompileModule /Users/tommywu/Desktop/26暑期内容/iOS-source-review/DyldFixups/DerivedData-bindunique-auth/Build/Intermediates.noindex/ExplicitPrecompiledModules/_Builtin_inttypes-VO8MA8WO4346E593UJSY5K84.scan

PrecompileModule /Users/tommywu/Desktop/26暑期内容/iOS-source-review/DyldFixups/DerivedData-bindunique-auth/Build/Intermediates.noindex/ExplicitPrecompiledModules/Darwin-47OI6PZ4RCHDULY2ZTVE375LT.scan
    cd /
    builtin-precompileModule /Users/tommywu/Desktop/26暑期内容/iOS-source-review/DyldFixups/DerivedData-bindunique-auth/Build/Intermediates.noindex/ExplicitPrecompiledModules/Darwin-47OI6PZ4RCHDULY2ZTVE375LT.scan

Ld /Users/tommywu/Desktop/26暑期内容/iOS-source-review/DyldFixups/DerivedData-bindunique-auth/Build/Products/Release-iphoneos/BindProvider.framework/BindProvider normal (in target 'BindProvider' from project 'DyldFixupsLab')
    cd /Users/tommywu/Desktop/26暑期内容/iOS-source-review/DyldFixups
    /Applications/Xcode.app/Contents/Developer/Toolchains/XcodeDefault.xctoolchain/usr/bin/clang -Xlinker -reproducible -target arm64-apple-ios15.0 -dynamiclib -isysroot /Applications/Xcode.app/Contents/Developer/Platforms/iPhoneOS.platform/Developer/SDKs/iPhoneOS27.0.sdk -Os -Xlinker -no_warn_duplicate_libraries -L/Users/tommywu/Desktop/26暑期内容/iOS-source-review/DyldFixups/DerivedData-bindunique-auth/Build/Intermediates.noindex/EagerLinkingTBDs/Release-iphoneos -L/Users/tommywu/Desktop/26暑期内容/iOS-source-review/DyldFixups/DerivedData-bindunique-auth/Build/Products/Release-iphoneos -F/Users/tommywu/Desktop/26暑期内容/iOS-source-review/DyldFixups/DerivedData-bindunique-auth/Build/Intermediates.noindex/EagerLinkingTBDs/Release-iphoneos -F/Users/tommywu/Desktop/26暑期内容/iOS-source-review/DyldFixups/DerivedData-bindunique-auth/Build/Products/Release-iphoneos -filelist /Users/tommywu/Desktop/26暑期内容/iOS-source-review/DyldFixups/DerivedData-bindunique-auth/Build/Intermediates.noindex/DyldFixupsLab.build/Release-iphoneos/BindProvider.build/Objects-normal/arm64/BindProvider.LinkFileList -install_name @rpath/BindProvider.framework/BindProvider -Xlinker -rpath -Xlinker @executable_path/Frameworks -Xlinker -dead_strip -Xlinker -object_path_lto -Xlinker /Users/tommywu/Desktop/26暑期内容/iOS-source-review/DyldFixups/DerivedData-bindunique-auth/Build/Intermediates.noindex/DyldFixupsLab.build/Release-iphoneos/BindProvider.build/Objects-normal/arm64/BindProvider_lto.o -Xlinker -dependency_info -Xlinker /Users/tommywu/Desktop/26暑期内容/iOS-source-review/DyldFixups/DerivedData-bindunique-auth/Build/Intermediates.noindex/DyldFixupsLab.build/Release-iphoneos/BindProvider.build/Objects-normal/arm64/BindProvider_dependency_info.dat -compatibility_version 1 -current_version 1 -o /Users/tommywu/Desktop/26暑期内容/iOS-source-review/DyldFixups/DerivedData-bindunique-auth/Build/Products/Release-iphoneos/BindProvider.framework/BindProvider

GenerateDSYMFile /Users/tommywu/Desktop/26暑期内容/iOS-source-review/DyldFixups/DerivedData-bindunique-auth/Build/Products/Release-iphoneos/BindProvider.framework.dSYM /Users/tommywu/Desktop/26暑期内容/iOS-source-review/DyldFixups/DerivedData-bindunique-auth/Build/Products/Release-iphoneos/BindProvider.framework/BindProvider (in target 'BindProvider' from project 'DyldFixupsLab')
    cd /Users/tommywu/Desktop/26暑期内容/iOS-source-review/DyldFixups
    export PATH\=/Applications/Xcode.app/Contents/SharedFrameworks/SwiftBuild.framework/Versions/A/PlugIns/SWBBuildService.bundle/Contents/PlugIns/SWBUniversalPlatformPlugin.bundle/Contents/Frameworks/SWBUniversalPlatform.framework/Resources:/Applications/Xcode.app/Contents/Developer/Toolchains/XcodeDefault.xctoolchain/usr/bin:/Applications/Xcode.app/Contents/Developer/Toolchains/XcodeDefault.xctoolchain/usr/local/bin:/Applications/Xcode.app/Contents/Developer/Toolchains/XcodeDefault.xctoolchain/usr/libexec:/Applications/Xcode.app/Contents/Developer/Platforms/iPhoneOS.platform/usr/bin:/Applications/Xcode.app/Contents/Developer/Platforms/iPhoneOS.platform/usr/local/bin:/Applications/Xcode.app/Contents/Developer/Platforms/iPhoneOS.platform/Developer/usr/bin:/Applications/Xcode.app/Contents/Developer/Platforms/iPhoneOS.platform/Developer/usr/local/bin:/Applications/Xcode.app/Contents/Developer/usr/bin:/Applications/Xcode.app/Contents/Developer/usr/local/bin:/Users/tommywu/miniconda3/bin:/Users/tommywu/.hermes/hermes-agent/venv/bin:/Users/tommywu/.local/bin:/Users/tommywu/.bun/bin:/Users/tommywu/.pyenv/shims:/Users/tommywu/.nvm/versions/node/v20.19.6/bin:/opt/homebrew/bin:/opt/homebrew/sbin:/usr/local/bin:/System/Cryptexes/App/usr/bin:/usr/bin:/bin:/usr/sbin:/sbin:/var/run/com.apple.security.cryptexd/codex.system/bootstrap/usr/local/bin:/var/run/com.apple.security.cryptexd/codex.system/bootstrap/usr/bin:/var/run/com.apple.security.cryptexd/codex.system/bootstrap/usr/appleinternal/bin:/pkg/env/global/bin:/Library/Apple/usr/bin:/Applications/Wireshark.app/Contents/MacOS:/private/var/folders/qw/3___bn4n2vn83fx2gq2ycrn00000gn/T/AppTranslocation/6C3DC45D-069B-460F-AC92-736BF6981801/d/Prowl.app/Contents/MacOS:/Users/tommywu/.orbstack/bin:/Users/tommywu/.rvm/bin
    /Applications/Xcode.app/Contents/Developer/Toolchains/XcodeDefault.xctoolchain/usr/bin/dsymutil /Users/tommywu/Desktop/26暑期内容/iOS-source-review/DyldFixups/DerivedData-bindunique-auth/Build/Products/Release-iphoneos/BindProvider.framework/BindProvider -o /Users/tommywu/Desktop/26暑期内容/iOS-source-review/DyldFixups/DerivedData-bindunique-auth/Build/Products/Release-iphoneos/BindProvider.framework.dSYM

GenerateTAPI /Users/tommywu/Desktop/26暑期内容/iOS-source-review/DyldFixups/DerivedData-bindunique-auth/Build/Intermediates.noindex/EagerLinkingTBDs/Release-iphoneos/BindProvider.framework/BindProvider.tbd (in target 'BindProvider' from project 'DyldFixupsLab')
    cd /Users/tommywu/Desktop/26暑期内容/iOS-source-review/DyldFixups
    /Applications/Xcode.app/Contents/Developer/Toolchains/XcodeDefault.xctoolchain/usr/bin/tapi stubify -isysroot /Applications/Xcode.app/Contents/Developer/Platforms/iPhoneOS.platform/Developer/SDKs/iPhoneOS27.0.sdk -F/Users/tommywu/Desktop/26暑期内容/iOS-source-review/DyldFixups/DerivedData-bindunique-auth/Build/Products/Release-iphoneos -L/Users/tommywu/Desktop/26暑期内容/iOS-source-review/DyldFixups/DerivedData-bindunique-auth/Build/Products/Release-iphoneos /Users/tommywu/Desktop/26暑期内容/iOS-source-review/DyldFixups/DerivedData-bindunique-auth/Build/Products/Release-iphoneos/BindProvider.framework/BindProvider -o /Users/tommywu/Desktop/26暑期内容/iOS-source-review/DyldFixups/DerivedData-bindunique-auth/Build/Intermediates.noindex/EagerLinkingTBDs/Release-iphoneos/BindProvider.framework/BindProvider.tbd

CompileC /Users/tommywu/Desktop/26暑期内容/iOS-source-review/DyldFixups/DerivedData-bindunique-auth/Build/Intermediates.noindex/DyldFixupsLab.build/Release-iphoneos/BindUnique.build/Objects-normal/arm64/main.o /Users/tommywu/Desktop/26暑期内容/iOS-source-review/DyldFixups/Sources/main.m normal arm64 objective-c com.apple.compilers.llvm.clang.1_0.compiler (in target 'BindUnique' from project 'DyldFixupsLab')
    cd /Users/tommywu/Desktop/26暑期内容/iOS-source-review/DyldFixups
    
    Using response file: /Users/tommywu/Desktop/26暑期内容/iOS-source-review/DyldFixups/DerivedData-bindunique-auth/Build/Intermediates.noindex/DyldFixupsLab.build/Release-iphoneos/BindUnique.build/Objects-normal/arm64/e6072d4f65d7061329687fe24e3d63a7-common-args.resp
    
    /Applications/Xcode.app/Contents/Developer/Toolchains/XcodeDefault.xctoolchain/usr/bin/clang -x objective-c -ivfsstatcache /Users/tommywu/Desktop/26暑期内容/iOS-source-review/DyldFixups/DerivedData-bindunique-auth/SDKStatCaches.noindex/iphoneos27.0-24A430-6c78b3cbc238196c85e1bf6c792c5915.sdkstatcache -target arm64-apple-ios15.0 -fmessage-length\=0 -fdiagnostics-show-note-include-stack -fmacro-backtrace-limit\=0 -fno-color-diagnostics -fmodules-prune-interval\=86400 -fmodules-prune-after\=345600 -fbuild-session-file\=/Users/tommywu/Desktop/26暑期内容/iOS-source-review/DyldFixups/DerivedData-bindunique-auth/ModuleCache.noindex/Session.modulevalidation -fmodules-validate-once-per-build-session -Wnon-modular-include-in-framework-module -Werror\=non-modular-include-in-framework-module -Wno-trigraphs -Wno-missing-field-initializers -Wno-missing-prototypes -Werror\=return-type -Wdocumentation -Wunreachable-code -Wquoted-include-in-framework-header -Wno-implicit-atomic-properties -Werror\=deprecated-objc-isa-usage -Wno-objc-interface-ivars -Werror\=objc-root-class -Wno-arc-repeated-use-of-weak -Wimplicit-retain-self -Wduplicate-method-match -Wno-missing-braces -Wparentheses -Wswitch -Wunused-function -Wno-unused-label -Wno-unused-parameter -Wunused-variable -Wunused-value -Wempty-body -Wuninitialized -Wconditional-uninitialized -Wno-unknown-pragmas -Wno-shadow -Wno-four-char-constants -Wno-conversion -Wconstant-conversion -Wint-conversion -Wbool-conversion -Wenum-conversion -Wno-float-conversion -Wnon-literal-null-conversion -Wobjc-literal-conversion -Wshorten-64-to-32 -Wpointer-sign -Wno-newline-eof -Wno-selector -Wno-strict-selector-match -Wundeclared-selector -Wdeprecated-implementations -Wno-implicit-fallthrough -isysroot /Applications/Xcode.app/Contents/Developer/Platforms/iPhoneOS.platform/Developer/SDKs/iPhoneOS27.0.sdk -fstrict-aliasing -Wprotocol -Wdeprecated-declarations -Wno-sign-conversion -Winfinite-recursion -Wcomma -Wblock-capture-autoreleasing -Wstrict-prototypes -Wno-semicolon-before-method-body -Wunguarded-availability @/Users/tommywu/Desktop/26暑期内容/iOS-source-review/DyldFixups/DerivedData-bindunique-auth/Build/Intermediates.noindex/DyldFixupsLab.build/Release-iphoneos/BindUnique.build/Objects-normal/arm64/e6072d4f65d7061329687fe24e3d63a7-common-args.resp -MMD -MT dependencies -MF /Users/tommywu/Desktop/26暑期内容/iOS-source-review/DyldFixups/DerivedData-bindunique-auth/Build/Intermediates.noindex/DyldFixupsLab.build/Release-iphoneos/BindUnique.build/Objects-normal/arm64/main.d --serialize-diagnostics /Users/tommywu/Desktop/26暑期内容/iOS-source-review/DyldFixups/DerivedData-bindunique-auth/Build/Intermediates.noindex/DyldFixupsLab.build/Release-iphoneos/BindUnique.build/Objects-normal/arm64/main.dia -c /Users/tommywu/Desktop/26暑期内容/iOS-source-review/DyldFixups/Sources/main.m -o /Users/tommywu/Desktop/26暑期内容/iOS-source-review/DyldFixups/DerivedData-bindunique-auth/Build/Intermediates.noindex/DyldFixupsLab.build/Release-iphoneos/BindUnique.build/Objects-normal/arm64/main.o

RegisterExecutionPolicyException /Users/tommywu/Desktop/26暑期内容/iOS-source-review/DyldFixups/DerivedData-bindunique-auth/Build/Products/Release-iphoneos/BindProvider.framework (in target 'BindProvider' from project 'DyldFixupsLab')
    cd /Users/tommywu/Desktop/26暑期内容/iOS-source-review/DyldFixups
    builtin-RegisterExecutionPolicyException /Users/tommywu/Desktop/26暑期内容/iOS-source-review/DyldFixups/DerivedData-bindunique-auth/Build/Products/Release-iphoneos/BindProvider.framework

Touch /Users/tommywu/Desktop/26暑期内容/iOS-source-review/DyldFixups/DerivedData-bindunique-auth/Build/Products/Release-iphoneos/BindProvider.framework (in target 'BindProvider' from project 'DyldFixupsLab')
    cd /Users/tommywu/Desktop/26暑期内容/iOS-source-review/DyldFixups
    /usr/bin/touch -c /Users/tommywu/Desktop/26暑期内容/iOS-source-review/DyldFixups/DerivedData-bindunique-auth/Build/Products/Release-iphoneos/BindProvider.framework

ProcessInfoPlistFile /Users/tommywu/Desktop/26暑期内容/iOS-source-review/DyldFixups/DerivedData-bindunique-auth/Build/Products/Release-iphoneos/BindUniquePayload.framework/Info.plist /Users/tommywu/Desktop/26暑期内容/iOS-source-review/DyldFixups/DerivedData-bindunique-auth/Build/Intermediates.noindex/DyldFixupsLab.build/Release-iphoneos/BindUniquePayload.build/empty-BindUniquePayload.plist (in target 'BindUniquePayload' from project 'DyldFixupsLab')
    cd /Users/tommywu/Desktop/26暑期内容/iOS-source-review/DyldFixups
    builtin-infoPlistUtility /Users/tommywu/Desktop/26暑期内容/iOS-source-review/DyldFixups/DerivedData-bindunique-auth/Build/Intermediates.noindex/DyldFixupsLab.build/Release-iphoneos/BindUniquePayload.build/empty-BindUniquePayload.plist -producttype com.apple.product-type.framework -expandbuildsettings -format binary -platform iphoneos -requiredArchitecture arm64 -o /Users/tommywu/Desktop/26暑期内容/iOS-source-review/DyldFixups/DerivedData-bindunique-auth/Build/Products/Release-iphoneos/BindUniquePayload.framework/Info.plist

Ld /Users/tommywu/Desktop/26暑期内容/iOS-source-review/DyldFixups/DerivedData-bindunique-auth/Build/Products/Release-iphoneos/BindUniquePayload.framework/BindUniquePayload normal (in target 'BindUniquePayload' from project 'DyldFixupsLab')
    cd /Users/tommywu/Desktop/26暑期内容/iOS-source-review/DyldFixups
    /Applications/Xcode.app/Contents/Developer/Toolchains/XcodeDefault.xctoolchain/usr/bin/clang -Xlinker -reproducible -target arm64-apple-ios15.0 -dynamiclib -isysroot /Applications/Xcode.app/Contents/Developer/Platforms/iPhoneOS.platform/Developer/SDKs/iPhoneOS27.0.sdk -Os -Xlinker -no_warn_duplicate_libraries -L/Users/tommywu/Desktop/26暑期内容/iOS-source-review/DyldFixups/DerivedData-bindunique-auth/Build/Intermediates.noindex/EagerLinkingTBDs/Release-iphoneos -L/Users/tommywu/Desktop/26暑期内容/iOS-source-review/DyldFixups/DerivedData-bindunique-auth/Build/Products/Release-iphoneos -F/Users/tommywu/Desktop/26暑期内容/iOS-source-review/DyldFixups/DerivedData-bindunique-auth/Build/Intermediates.noindex/EagerLinkingTBDs/Release-iphoneos -F/Users/tommywu/Desktop/26暑期内容/iOS-source-review/DyldFixups/DerivedData-bindunique-auth/Build/Products/Release-iphoneos -filelist /Users/tommywu/Desktop/26暑期内容/iOS-source-review/DyldFixups/DerivedData-bindunique-auth/Build/Intermediates.noindex/DyldFixupsLab.build/Release-iphoneos/BindUniquePayload.build/Objects-normal/arm64/BindUniquePayload.LinkFileList -install_name @rpath/BindUniquePayload.framework/BindUniquePayload -Xlinker -rpath -Xlinker @executable_path/Frameworks -Xlinker -dead_strip -Xlinker -object_path_lto -Xlinker /Users/tommywu/Desktop/26暑期内容/iOS-source-review/DyldFixups/DerivedData-bindunique-auth/Build/Intermediates.noindex/DyldFixupsLab.build/Release-iphoneos/BindUniquePayload.build/Objects-normal/arm64/BindUniquePayload_lto.o -Xlinker -dependency_info -Xlinker /Users/tommywu/Desktop/26暑期内容/iOS-source-review/DyldFixups/DerivedData-bindunique-auth/Build/Intermediates.noindex/DyldFixupsLab.build/Release-iphoneos/BindUniquePayload.build/Objects-normal/arm64/BindUniquePayload_dependency_info.dat -framework BindProvider -compatibility_version 1 -current_version 1 -o /Users/tommywu/Desktop/26暑期内容/iOS-source-review/DyldFixups/DerivedData-bindunique-auth/Build/Products/Release-iphoneos/BindUniquePayload.framework/BindUniquePayload

GenerateDSYMFile /Users/tommywu/Desktop/26暑期内容/iOS-source-review/DyldFixups/DerivedData-bindunique-auth/Build/Products/Release-iphoneos/BindUniquePayload.framework.dSYM /Users/tommywu/Desktop/26暑期内容/iOS-source-review/DyldFixups/DerivedData-bindunique-auth/Build/Products/Release-iphoneos/BindUniquePayload.framework/BindUniquePayload (in target 'BindUniquePayload' from project 'DyldFixupsLab')
    cd /Users/tommywu/Desktop/26暑期内容/iOS-source-review/DyldFixups
    export PATH\=/Applications/Xcode.app/Contents/SharedFrameworks/SwiftBuild.framework/Versions/A/PlugIns/SWBBuildService.bundle/Contents/PlugIns/SWBUniversalPlatformPlugin.bundle/Contents/Frameworks/SWBUniversalPlatform.framework/Resources:/Applications/Xcode.app/Contents/Developer/Toolchains/XcodeDefault.xctoolchain/usr/bin:/Applications/Xcode.app/Contents/Developer/Toolchains/XcodeDefault.xctoolchain/usr/local/bin:/Applications/Xcode.app/Contents/Developer/Toolchains/XcodeDefault.xctoolchain/usr/libexec:/Applications/Xcode.app/Contents/Developer/Platforms/iPhoneOS.platform/usr/bin:/Applications/Xcode.app/Contents/Developer/Platforms/iPhoneOS.platform/usr/local/bin:/Applications/Xcode.app/Contents/Developer/Platforms/iPhoneOS.platform/Developer/usr/bin:/Applications/Xcode.app/Contents/Developer/Platforms/iPhoneOS.platform/Developer/usr/local/bin:/Applications/Xcode.app/Contents/Developer/usr/bin:/Applications/Xcode.app/Contents/Developer/usr/local/bin:/Users/tommywu/miniconda3/bin:/Users/tommywu/.hermes/hermes-agent/venv/bin:/Users/tommywu/.local/bin:/Users/tommywu/.bun/bin:/Users/tommywu/.pyenv/shims:/Users/tommywu/.nvm/versions/node/v20.19.6/bin:/opt/homebrew/bin:/opt/homebrew/sbin:/usr/local/bin:/System/Cryptexes/App/usr/bin:/usr/bin:/bin:/usr/sbin:/sbin:/var/run/com.apple.security.cryptexd/codex.system/bootstrap/usr/local/bin:/var/run/com.apple.security.cryptexd/codex.system/bootstrap/usr/bin:/var/run/com.apple.security.cryptexd/codex.system/bootstrap/usr/appleinternal/bin:/pkg/env/global/bin:/Library/Apple/usr/bin:/Applications/Wireshark.app/Contents/MacOS:/private/var/folders/qw/3___bn4n2vn83fx2gq2ycrn00000gn/T/AppTranslocation/6C3DC45D-069B-460F-AC92-736BF6981801/d/Prowl.app/Contents/MacOS:/Users/tommywu/.orbstack/bin:/Users/tommywu/.rvm/bin
    /Applications/Xcode.app/Contents/Developer/Toolchains/XcodeDefault.xctoolchain/usr/bin/dsymutil /Users/tommywu/Desktop/26暑期内容/iOS-source-review/DyldFixups/DerivedData-bindunique-auth/Build/Products/Release-iphoneos/BindUniquePayload.framework/BindUniquePayload -o /Users/tommywu/Desktop/26暑期内容/iOS-source-review/DyldFixups/DerivedData-bindunique-auth/Build/Products/Release-iphoneos/BindUniquePayload.framework.dSYM

GenerateTAPI /Users/tommywu/Desktop/26暑期内容/iOS-source-review/DyldFixups/DerivedData-bindunique-auth/Build/Intermediates.noindex/EagerLinkingTBDs/Release-iphoneos/BindUniquePayload.framework/BindUniquePayload.tbd (in target 'BindUniquePayload' from project 'DyldFixupsLab')
    cd /Users/tommywu/Desktop/26暑期内容/iOS-source-review/DyldFixups
    /Applications/Xcode.app/Contents/Developer/Toolchains/XcodeDefault.xctoolchain/usr/bin/tapi stubify -isysroot /Applications/Xcode.app/Contents/Developer/Platforms/iPhoneOS.platform/Developer/SDKs/iPhoneOS27.0.sdk -F/Users/tommywu/Desktop/26暑期内容/iOS-source-review/DyldFixups/DerivedData-bindunique-auth/Build/Products/Release-iphoneos -L/Users/tommywu/Desktop/26暑期内容/iOS-source-review/DyldFixups/DerivedData-bindunique-auth/Build/Products/Release-iphoneos /Users/tommywu/Desktop/26暑期内容/iOS-source-review/DyldFixups/DerivedData-bindunique-auth/Build/Products/Release-iphoneos/BindUniquePayload.framework/BindUniquePayload -o /Users/tommywu/Desktop/26暑期内容/iOS-source-review/DyldFixups/DerivedData-bindunique-auth/Build/Intermediates.noindex/EagerLinkingTBDs/Release-iphoneos/BindUniquePayload.framework/BindUniquePayload.tbd

RegisterExecutionPolicyException /Users/tommywu/Desktop/26暑期内容/iOS-source-review/DyldFixups/DerivedData-bindunique-auth/Build/Products/Release-iphoneos/BindUniquePayload.framework (in target 'BindUniquePayload' from project 'DyldFixupsLab')
    cd /Users/tommywu/Desktop/26暑期内容/iOS-source-review/DyldFixups
    builtin-RegisterExecutionPolicyException /Users/tommywu/Desktop/26暑期内容/iOS-source-review/DyldFixups/DerivedData-bindunique-auth/Build/Products/Release-iphoneos/BindUniquePayload.framework

Touch /Users/tommywu/Desktop/26暑期内容/iOS-source-review/DyldFixups/DerivedData-bindunique-auth/Build/Products/Release-iphoneos/BindUniquePayload.framework (in target 'BindUniquePayload' from project 'DyldFixupsLab')
    cd /Users/tommywu/Desktop/26暑期内容/iOS-source-review/DyldFixups
    /usr/bin/touch -c /Users/tommywu/Desktop/26暑期内容/iOS-source-review/DyldFixups/DerivedData-bindunique-auth/Build/Products/Release-iphoneos/BindUniquePayload.framework

Ld /Users/tommywu/Desktop/26暑期内容/iOS-source-review/DyldFixups/DerivedData-bindunique-auth/Build/Products/Release-iphoneos/BindUnique.app/BindUnique normal (in target 'BindUnique' from project 'DyldFixupsLab')
    cd /Users/tommywu/Desktop/26暑期内容/iOS-source-review/DyldFixups
    /Applications/Xcode.app/Contents/Developer/Toolchains/XcodeDefault.xctoolchain/usr/bin/clang -Xlinker -reproducible -target arm64-apple-ios15.0 -isysroot /Applications/Xcode.app/Contents/Developer/Platforms/iPhoneOS.platform/Developer/SDKs/iPhoneOS27.0.sdk -Os -Xlinker -no_warn_duplicate_libraries -L/Users/tommywu/Desktop/26暑期内容/iOS-source-review/DyldFixups/DerivedData-bindunique-auth/Build/Intermediates.noindex/EagerLinkingTBDs/Release-iphoneos -L/Users/tommywu/Desktop/26暑期内容/iOS-source-review/DyldFixups/DerivedData-bindunique-auth/Build/Products/Release-iphoneos -F/Users/tommywu/Desktop/26暑期内容/iOS-source-review/DyldFixups/DerivedData-bindunique-auth/Build/Intermediates.noindex/EagerLinkingTBDs/Release-iphoneos -F/Users/tommywu/Desktop/26暑期内容/iOS-source-review/DyldFixups/DerivedData-bindunique-auth/Build/Products/Release-iphoneos -filelist /Users/tommywu/Desktop/26暑期内容/iOS-source-review/DyldFixups/DerivedData-bindunique-auth/Build/Intermediates.noindex/DyldFixupsLab.build/Release-iphoneos/BindUnique.build/Objects-normal/arm64/BindUnique.LinkFileList -Xlinker -rpath -Xlinker @executable_path/Frameworks -Xlinker -dead_strip -Xlinker -object_path_lto -Xlinker /Users/tommywu/Desktop/26暑期内容/iOS-source-review/DyldFixups/DerivedData-bindunique-auth/Build/Intermediates.noindex/DyldFixupsLab.build/Release-iphoneos/BindUnique.build/Objects-normal/arm64/BindUnique_lto.o -Xlinker -dependency_info -Xlinker /Users/tommywu/Desktop/26暑期内容/iOS-source-review/DyldFixups/DerivedData-bindunique-auth/Build/Intermediates.noindex/DyldFixupsLab.build/Release-iphoneos/BindUnique.build/Objects-normal/arm64/BindUnique_dependency_info.dat -fobjc-arc -fobjc-link-runtime -framework BindUniquePayload -framework BindProvider -Xlinker -no_adhoc_codesign -o /Users/tommywu/Desktop/26暑期内容/iOS-source-review/DyldFixups/DerivedData-bindunique-auth/Build/Products/Release-iphoneos/BindUnique.app/BindUnique

Copy /Users/tommywu/Desktop/26暑期内容/iOS-source-review/DyldFixups/DerivedData-bindunique-auth/Build/Products/Release-iphoneos/BindUnique.app/Frameworks/BindUniquePayload.framework /Users/tommywu/Desktop/26暑期内容/iOS-source-review/DyldFixups/DerivedData-bindunique-auth/Build/Products/Release-iphoneos/BindUniquePayload.framework (in target 'BindUnique' from project 'DyldFixupsLab')
    cd /Users/tommywu/Desktop/26暑期内容/iOS-source-review/DyldFixups
    builtin-copy -exclude .DS_Store -exclude CVS -exclude .svn -exclude .git -exclude .hg -exclude Headers -exclude PrivateHeaders -exclude Modules -exclude \*.tbd -bitcode-strip all -bitcode-strip-tool /Applications/Xcode.app/Contents/Developer/Toolchains/XcodeDefault.xctoolchain/usr/bin/bitcode_strip -resolve-src-symlinks -remove-static-executable /Users/tommywu/Desktop/26暑期内容/iOS-source-review/DyldFixups/DerivedData-bindunique-auth/Build/Products/Release-iphoneos/BindUniquePayload.framework /Users/tommywu/Desktop/26暑期内容/iOS-source-review/DyldFixups/DerivedData-bindunique-auth/Build/Products/Release-iphoneos/BindUnique.app/Frameworks
/Applications/Xcode.app/Contents/Developer/Toolchains/XcodeDefault.xctoolchain/usr/bin/bitcode_strip /Users/tommywu/Desktop/26暑期内容/iOS-source-review/DyldFixups/DerivedData-bindunique-auth/Build/Products/Release-iphoneos/BindUniquePayload.framework/BindUniquePayload -r -o /Users/tommywu/Desktop/26暑期内容/iOS-source-review/DyldFixups/DerivedData-bindunique-auth/Build/Products/Release-iphoneos/BindUnique.app/Frameworks/BindUniquePayload.framework/BindUniquePayload
Copy /Users/tommywu/Desktop/26暑期内容/iOS-source-review/DyldFixups/DerivedData-bindunique-auth/Build/Products/Release-iphoneos/BindUnique.app/Frameworks/BindProvider.framework /Users/tommywu/Desktop/26暑期内容/iOS-source-review/DyldFixups/DerivedData-bindunique-auth/Build/Products/Release-iphoneos/BindProvider.framework (in target 'BindUnique' from project 'DyldFixupsLab')
    cd /Users/tommywu/Desktop/26暑期内容/iOS-source-review/DyldFixups
    builtin-copy -exclude .DS_Store -exclude CVS -exclude .svn -exclude .git -exclude .hg -exclude Headers -exclude PrivateHeaders -exclude Modules -exclude \*.tbd -bitcode-strip all -bitcode-strip-tool /Applications/Xcode.app/Contents/Developer/Toolchains/XcodeDefault.xctoolchain/usr/bin/bitcode_strip -resolve-src-symlinks -remove-static-executable /Users/tommywu/Desktop/26暑期内容/iOS-source-review/DyldFixups/DerivedData-bindunique-auth/Build/Products/Release-iphoneos/BindProvider.framework /Users/tommywu/Desktop/26暑期内容/iOS-source-review/DyldFixups/DerivedData-bindunique-auth/Build/Products/Release-iphoneos/BindUnique.app/Frameworks
/Applications/Xcode.app/Contents/Developer/Toolchains/XcodeDefault.xctoolchain/usr/bin/bitcode_strip /Users/tommywu/Desktop/26暑期内容/iOS-source-review/DyldFixups/DerivedData-bindunique-auth/Build/Products/Release-iphoneos/BindProvider.framework/BindProvider -r -o /Users/tommywu/Desktop/26暑期内容/iOS-source-review/DyldFixups/DerivedData-bindunique-auth/Build/Products/Release-iphoneos/BindUnique.app/Frameworks/BindProvider.framework/BindProvider
CodeSign /Users/tommywu/Desktop/26暑期内容/iOS-source-review/DyldFixups/DerivedData-bindunique-auth/Build/Products/Release-iphoneos/BindUnique.app/Frameworks/BindUniquePayload.framework (in target 'BindUnique' from project 'DyldFixupsLab')
    cd /Users/tommywu/Desktop/26暑期内容/iOS-source-review/DyldFixups
    
    Signing Identity:     "Apple Development: twu49097@gmail.com (8N5799D9T2)"
    Provisioning Profile: "iOS Team Provisioning Profile: com.tommywu.lab.dyldfixups.bindunique"
                          (7ac49ed5-2770-4d6c-89ca-f3da36ada789)
    
    /usr/bin/codesign --force --sign 71570F1E7FE6C4330E41E85F542B430E8B672C4E --timestamp\=none --preserve-metadata\=identifier,entitlements,flags --generate-entitlement-der /Users/tommywu/Desktop/26暑期内容/iOS-source-review/DyldFixups/DerivedData-bindunique-auth/Build/Products/Release-iphoneos/BindUnique.app/Frameworks/BindUniquePayload.framework

ProcessInfoPlistFile /Users/tommywu/Desktop/26暑期内容/iOS-source-review/DyldFixups/DerivedData-bindunique-auth/Build/Products/Release-iphoneos/BindUnique.app/Info.plist /Users/tommywu/Desktop/26暑期内容/iOS-source-review/DyldFixups/DerivedData-bindunique-auth/Build/Intermediates.noindex/DyldFixupsLab.build/Release-iphoneos/BindUnique.build/empty-BindUnique.plist (in target 'BindUnique' from project 'DyldFixupsLab')
    cd /Users/tommywu/Desktop/26暑期内容/iOS-source-review/DyldFixups
    builtin-infoPlistUtility /Users/tommywu/Desktop/26暑期内容/iOS-source-review/DyldFixups/DerivedData-bindunique-auth/Build/Intermediates.noindex/DyldFixupsLab.build/Release-iphoneos/BindUnique.build/empty-BindUnique.plist -producttype com.apple.product-type.application -genpkginfo /Users/tommywu/Desktop/26暑期内容/iOS-source-review/DyldFixups/DerivedData-bindunique-auth/Build/Products/Release-iphoneos/BindUnique.app/PkgInfo -expandbuildsettings -format binary -platform iphoneos -scanforprivacyfile /Users/tommywu/Desktop/26暑期内容/iOS-source-review/DyldFixups/DerivedData-bindunique-auth/Build/Products/Release-iphoneos/BindUnique.app/Frameworks/BindProvider.framework -scanforprivacyfile /Users/tommywu/Desktop/26暑期内容/iOS-source-review/DyldFixups/DerivedData-bindunique-auth/Build/Products/Release-iphoneos/BindUnique.app/Frameworks/BindUniquePayload.framework -requiredArchitecture arm64 -o /Users/tommywu/Desktop/26暑期内容/iOS-source-review/DyldFixups/DerivedData-bindunique-auth/Build/Products/Release-iphoneos/BindUnique.app/Info.plist

CodeSign /Users/tommywu/Desktop/26暑期内容/iOS-source-review/DyldFixups/DerivedData-bindunique-auth/Build/Products/Release-iphoneos/BindUnique.app/Frameworks/BindProvider.framework (in target 'BindUnique' from project 'DyldFixupsLab')
    cd /Users/tommywu/Desktop/26暑期内容/iOS-source-review/DyldFixups
    
    Signing Identity:     "Apple Development: twu49097@gmail.com (8N5799D9T2)"
    Provisioning Profile: "iOS Team Provisioning Profile: com.tommywu.lab.dyldfixups.bindunique"
                          (7ac49ed5-2770-4d6c-89ca-f3da36ada789)
    
    /usr/bin/codesign --force --sign 71570F1E7FE6C4330E41E85F542B430E8B672C4E --timestamp\=none --preserve-metadata\=identifier,entitlements,flags --generate-entitlement-der /Users/tommywu/Desktop/26暑期内容/iOS-source-review/DyldFixups/DerivedData-bindunique-auth/Build/Products/Release-iphoneos/BindUnique.app/Frameworks/BindProvider.framework

GenerateDSYMFile /Users/tommywu/Desktop/26暑期内容/iOS-source-review/DyldFixups/DerivedData-bindunique-auth/Build/Products/Release-iphoneos/BindUnique.app.dSYM /Users/tommywu/Desktop/26暑期内容/iOS-source-review/DyldFixups/DerivedData-bindunique-auth/Build/Products/Release-iphoneos/BindUnique.app/BindUnique (in target 'BindUnique' from project 'DyldFixupsLab')
    cd /Users/tommywu/Desktop/26暑期内容/iOS-source-review/DyldFixups
    export PATH\=/Applications/Xcode.app/Contents/SharedFrameworks/SwiftBuild.framework/Versions/A/PlugIns/SWBBuildService.bundle/Contents/PlugIns/SWBUniversalPlatformPlugin.bundle/Contents/Frameworks/SWBUniversalPlatform.framework/Resources:/Applications/Xcode.app/Contents/Developer/Toolchains/XcodeDefault.xctoolchain/usr/bin:/Applications/Xcode.app/Contents/Developer/Toolchains/XcodeDefault.xctoolchain/usr/local/bin:/Applications/Xcode.app/Contents/Developer/Toolchains/XcodeDefault.xctoolchain/usr/libexec:/Applications/Xcode.app/Contents/Developer/Platforms/iPhoneOS.platform/usr/bin:/Applications/Xcode.app/Contents/Developer/Platforms/iPhoneOS.platform/usr/local/bin:/Applications/Xcode.app/Contents/Developer/Platforms/iPhoneOS.platform/Developer/usr/bin:/Applications/Xcode.app/Contents/Developer/Platforms/iPhoneOS.platform/Developer/usr/local/bin:/Applications/Xcode.app/Contents/Developer/usr/bin:/Applications/Xcode.app/Contents/Developer/usr/local/bin:/Users/tommywu/miniconda3/bin:/Users/tommywu/.hermes/hermes-agent/venv/bin:/Users/tommywu/.local/bin:/Users/tommywu/.bun/bin:/Users/tommywu/.pyenv/shims:/Users/tommywu/.nvm/versions/node/v20.19.6/bin:/opt/homebrew/bin:/opt/homebrew/sbin:/usr/local/bin:/System/Cryptexes/App/usr/bin:/usr/bin:/bin:/usr/sbin:/sbin:/var/run/com.apple.security.cryptexd/codex.system/bootstrap/usr/local/bin:/var/run/com.apple.security.cryptexd/codex.system/bootstrap/usr/bin:/var/run/com.apple.security.cryptexd/codex.system/bootstrap/usr/appleinternal/bin:/pkg/env/global/bin:/Library/Apple/usr/bin:/Applications/Wireshark.app/Contents/MacOS:/private/var/folders/qw/3___bn4n2vn83fx2gq2ycrn00000gn/T/AppTranslocation/6C3DC45D-069B-460F-AC92-736BF6981801/d/Prowl.app/Contents/MacOS:/Users/tommywu/.orbstack/bin:/Users/tommywu/.rvm/bin
    /Applications/Xcode.app/Contents/Developer/Toolchains/XcodeDefault.xctoolchain/usr/bin/dsymutil /Users/tommywu/Desktop/26暑期内容/iOS-source-review/DyldFixups/DerivedData-bindunique-auth/Build/Products/Release-iphoneos/BindUnique.app/BindUnique -o /Users/tommywu/Desktop/26暑期内容/iOS-source-review/DyldFixups/DerivedData-bindunique-auth/Build/Products/Release-iphoneos/BindUnique.app.dSYM

CodeSign /Users/tommywu/Desktop/26暑期内容/iOS-source-review/DyldFixups/DerivedData-bindunique-auth/Build/Products/Release-iphoneos/BindUnique.app (in target 'BindUnique' from project 'DyldFixupsLab')
    cd /Users/tommywu/Desktop/26暑期内容/iOS-source-review/DyldFixups
    
    Signing Identity:     "Apple Development: twu49097@gmail.com (8N5799D9T2)"
    Provisioning Profile: "iOS Team Provisioning Profile: com.tommywu.lab.dyldfixups.bindunique"
                          (7ac49ed5-2770-4d6c-89ca-f3da36ada789)
    
    /usr/bin/codesign --force --sign 71570F1E7FE6C4330E41E85F542B430E8B672C4E --entitlements /Users/tommywu/Desktop/26暑期内容/iOS-source-review/DyldFixups/DerivedData-bindunique-auth/Build/Intermediates.noindex/DyldFixupsLab.build/Release-iphoneos/BindUnique.build/BindUnique.app.xcent --timestamp\=none --generate-entitlement-der /Users/tommywu/Desktop/26暑期内容/iOS-source-review/DyldFixups/DerivedData-bindunique-auth/Build/Products/Release-iphoneos/BindUnique.app

RegisterExecutionPolicyException /Users/tommywu/Desktop/26暑期内容/iOS-source-review/DyldFixups/DerivedData-bindunique-auth/Build/Products/Release-iphoneos/BindUnique.app (in target 'BindUnique' from project 'DyldFixupsLab')
    cd /Users/tommywu/Desktop/26暑期内容/iOS-source-review/DyldFixups
    builtin-RegisterExecutionPolicyException /Users/tommywu/Desktop/26暑期内容/iOS-source-review/DyldFixups/DerivedData-bindunique-auth/Build/Products/Release-iphoneos/BindUnique.app

Validate /Users/tommywu/Desktop/26暑期内容/iOS-source-review/DyldFixups/DerivedData-bindunique-auth/Build/Products/Release-iphoneos/BindUnique.app (in target 'BindUnique' from project 'DyldFixupsLab')
    cd /Users/tommywu/Desktop/26暑期内容/iOS-source-review/DyldFixups
    builtin-validationUtility /Users/tommywu/Desktop/26暑期内容/iOS-source-review/DyldFixups/DerivedData-bindunique-auth/Build/Products/Release-iphoneos/BindUnique.app -shallow-bundle -infoplist-subpath Info.plist
warning: All interface orientations must be supported unless the app requires full screen. (in target 'BindUnique' from project 'DyldFixupsLab')

Touch /Users/tommywu/Desktop/26暑期内容/iOS-source-review/DyldFixups/DerivedData-bindunique-auth/Build/Products/Release-iphoneos/BindUnique.app (in target 'BindUnique' from project 'DyldFixupsLab')
    cd /Users/tommywu/Desktop/26暑期内容/iOS-source-review/DyldFixups
    /usr/bin/touch -c /Users/tommywu/Desktop/26暑期内容/iOS-source-review/DyldFixups/DerivedData-bindunique-auth/Build/Products/Release-iphoneos/BindUnique.app

PruneExplicitPrecompiledModules /Users/tommywu/Desktop/26暑期内容/iOS-source-review/DyldFixups/DerivedData-bindunique-auth/Build/Intermediates.noindex/ExplicitPrecompiledModules

PruneExplicitPrecompiledModules /Users/tommywu/Desktop/26暑期内容/iOS-source-review/DyldFixups/DerivedData-bindunique-auth/Build/Intermediates.noindex/SwiftExplicitPrecompiledModules

PruneExplicitPrecompiledModules /Users/tommywu/Desktop/26暑期内容/iOS-source-review/DyldFixups/DerivedData-bindunique-auth/SDKExplicitPrecompiledModules

/Users/tommywu/Desktop/26暑期内容/iOS-source-review/DyldFixups/DyldFixupsLab.xcodeproj: warning: DEFINES_MODULE was set, but no umbrella header could be found to generate the module map (in target 'BindUniquePayload' from project 'DyldFixupsLab')
/Users/tommywu/Desktop/26暑期内容/iOS-source-review/DyldFixups/DyldFixupsLab.xcodeproj: warning: DEFINES_MODULE was set, but no umbrella header could be found to generate the module map (in target 'BindProvider' from project 'DyldFixupsLab')
** BUILD SUCCEEDED **

