Command line invocation:
    /Applications/Xcode.app/Contents/Developer/usr/bin/xcodebuild -project DyldFixupsLab.xcodeproj -scheme BindRepeated -configuration Release -destination platform=iOS,id=00008120-000C70962662601E -derivedDataPath DerivedData-bindrepeated-auth DEVELOPMENT_TEAM=JASSJ2R9D6 CODE_SIGN_STYLE=Automatic -allowProvisioningUpdates build

Build settings from command line:
    CODE_SIGN_STYLE = Automatic
    DEVELOPMENT_TEAM = JASSJ2R9D6

2026-09-18 12:02:11.204 xcodebuild[40329:27467388] [MT] IDERunDestination: Supported platforms for the buildables in the current scheme is empty.
ComputePackagePrebuildTargetDependencyGraph

Prepare packages

CreateBuildRequest

SendProjectDescription

CreateBuildOperation

ComputeTargetDependencyGraph
note: Building targets in dependency order
note: Target dependency graph (3 targets)
    Target 'BindRepeated' in project 'DyldFixupsLab'
        ➜ Explicit dependency on target 'BindRepeatedPayload' in project 'DyldFixupsLab'
        ➜ Explicit dependency on target 'BindProvider' in project 'DyldFixupsLab'
    Target 'BindRepeatedPayload' in project 'DyldFixupsLab'
        ➜ Explicit dependency on target 'BindProvider' in project 'DyldFixupsLab'
    Target 'BindProvider' in project 'DyldFixupsLab' (no dependencies)

GatherProvisioningInputs

CreateBuildDescription

ExecuteExternalTool /Applications/Xcode.app/Contents/Developer/Toolchains/XcodeDefault.xctoolchain/usr/bin/clang -v -E -dM -arch arm64 -isysroot /Applications/Xcode.app/Contents/Developer/Platforms/iPhoneOS.platform/Developer/SDKs/iPhoneOS27.0.sdk -x objective-c -c /dev/null

ExecuteExternalTool /Applications/Xcode.app/Contents/Developer/Toolchains/XcodeDefault.xctoolchain/usr/bin/clang -v -E -dM -arch arm64 -isysroot /Applications/Xcode.app/Contents/Developer/Platforms/iPhoneOS.platform/Developer/SDKs/iPhoneOS27.0.sdk -x c -c /dev/null

ExecuteExternalTool /Applications/Xcode.app/Contents/Developer/Toolchains/XcodeDefault.xctoolchain/usr/bin/clang -v -E -dM -isysroot /Applications/Xcode.app/Contents/Developer/Platforms/iPhoneOS.platform/Developer/SDKs/iPhoneOS27.0.sdk -x c -c /dev/null

ExecuteExternalTool /Applications/Xcode.app/Contents/Developer/Toolchains/XcodeDefault.xctoolchain/usr/bin/ld -version_details

Build description signature: 6ba3fb1fec33673d5d7bd6f6f32256ae
Build description path: /Users/tommywu/Desktop/26暑期内容/iOS-source-review/DyldFixups/DerivedData-bindrepeated-auth/Build/Intermediates.noindex/XCBuildData/6ba3fb1fec33673d5d7bd6f6f32256ae.xcbuilddata
CreateBuildDirectory /Users/tommywu/Desktop/26暑期内容/iOS-source-review/DyldFixups/DerivedData-bindrepeated-auth/CompilationCache.noindex
    cd /Users/tommywu/Desktop/26暑期内容/iOS-source-review/DyldFixups/DyldFixupsLab.xcodeproj
    builtin-create-build-directory /Users/tommywu/Desktop/26暑期内容/iOS-source-review/DyldFixups/DerivedData-bindrepeated-auth/CompilationCache.noindex

CreateBuildDirectory /Users/tommywu/Desktop/26暑期内容/iOS-source-review/DyldFixups/DerivedData-bindrepeated-auth/SDKExplicitPrecompiledModules
    cd /Users/tommywu/Desktop/26暑期内容/iOS-source-review/DyldFixups/DyldFixupsLab.xcodeproj
    builtin-create-build-directory /Users/tommywu/Desktop/26暑期内容/iOS-source-review/DyldFixups/DerivedData-bindrepeated-auth/SDKExplicitPrecompiledModules

CreateBuildDirectory /Users/tommywu/Desktop/26暑期内容/iOS-source-review/DyldFixups/DerivedData-bindrepeated-auth/ModuleCache.noindex
    cd /Users/tommywu/Desktop/26暑期内容/iOS-source-review/DyldFixups/DyldFixupsLab.xcodeproj
    builtin-create-build-directory /Users/tommywu/Desktop/26暑期内容/iOS-source-review/DyldFixups/DerivedData-bindrepeated-auth/ModuleCache.noindex

ClangStatCache /Applications/Xcode.app/Contents/Developer/Toolchains/XcodeDefault.xctoolchain/usr/bin/clang-stat-cache /Applications/Xcode.app/Contents/Developer/Platforms/iPhoneOS.platform/Developer/SDKs/iPhoneOS27.0.sdk /Users/tommywu/Desktop/26暑期内容/iOS-source-review/DyldFixups/DerivedData-bindrepeated-auth/SDKStatCaches.noindex/iphoneos27.0-24A430-6c78b3cbc238196c85e1bf6c792c5915.sdkstatcache
    cd /Users/tommywu/Desktop/26暑期内容/iOS-source-review/DyldFixups/DyldFixupsLab.xcodeproj
    /Applications/Xcode.app/Contents/Developer/Toolchains/XcodeDefault.xctoolchain/usr/bin/clang-stat-cache /Applications/Xcode.app/Contents/Developer/Platforms/iPhoneOS.platform/Developer/SDKs/iPhoneOS27.0.sdk -o /Users/tommywu/Desktop/26暑期内容/iOS-source-review/DyldFixups/DerivedData-bindrepeated-auth/SDKStatCaches.noindex/iphoneos27.0-24A430-6c78b3cbc238196c85e1bf6c792c5915.sdkstatcache

CreateBuildDirectory /Users/tommywu/Desktop/26暑期内容/iOS-source-review/DyldFixups/DerivedData-bindrepeated-auth/Build/Products
    cd /Users/tommywu/Desktop/26暑期内容/iOS-source-review/DyldFixups/DyldFixupsLab.xcodeproj
    builtin-create-build-directory /Users/tommywu/Desktop/26暑期内容/iOS-source-review/DyldFixups/DerivedData-bindrepeated-auth/Build/Products

CreateBuildDirectory /Users/tommywu/Desktop/26暑期内容/iOS-source-review/DyldFixups/DerivedData-bindrepeated-auth/Build/Intermediates.noindex
    cd /Users/tommywu/Desktop/26暑期内容/iOS-source-review/DyldFixups/DyldFixupsLab.xcodeproj
    builtin-create-build-directory /Users/tommywu/Desktop/26暑期内容/iOS-source-review/DyldFixups/DerivedData-bindrepeated-auth/Build/Intermediates.noindex

CreateBuildDirectory /Users/tommywu/Desktop/26暑期内容/iOS-source-review/DyldFixups/DerivedData-bindrepeated-auth/Build/Products/Release-iphoneos
    cd /Users/tommywu/Desktop/26暑期内容/iOS-source-review/DyldFixups/DyldFixupsLab.xcodeproj
    builtin-create-build-directory /Users/tommywu/Desktop/26暑期内容/iOS-source-review/DyldFixups/DerivedData-bindrepeated-auth/Build/Products/Release-iphoneos

CreateBuildDirectory /Users/tommywu/Desktop/26暑期内容/iOS-source-review/DyldFixups/DerivedData-bindrepeated-auth/Build/Intermediates.noindex/SwiftExplicitPrecompiledModules
    cd /Users/tommywu/Desktop/26暑期内容/iOS-source-review/DyldFixups/DyldFixupsLab.xcodeproj
    builtin-create-build-directory /Users/tommywu/Desktop/26暑期内容/iOS-source-review/DyldFixups/DerivedData-bindrepeated-auth/Build/Intermediates.noindex/SwiftExplicitPrecompiledModules

CreateBuildDirectory /Users/tommywu/Desktop/26暑期内容/iOS-source-review/DyldFixups/DerivedData-bindrepeated-auth/Build/Intermediates.noindex/PrecompiledHeaders
    cd /Users/tommywu/Desktop/26暑期内容/iOS-source-review/DyldFixups/DyldFixupsLab.xcodeproj
    builtin-create-build-directory /Users/tommywu/Desktop/26暑期内容/iOS-source-review/DyldFixups/DerivedData-bindrepeated-auth/Build/Intermediates.noindex/PrecompiledHeaders

CreateBuildDirectory /Users/tommywu/Desktop/26暑期内容/iOS-source-review/DyldFixups/DerivedData-bindrepeated-auth/Build/Intermediates.noindex/ExplicitPrecompiledModules
    cd /Users/tommywu/Desktop/26暑期内容/iOS-source-review/DyldFixups/DyldFixupsLab.xcodeproj
    builtin-create-build-directory /Users/tommywu/Desktop/26暑期内容/iOS-source-review/DyldFixups/DerivedData-bindrepeated-auth/Build/Intermediates.noindex/ExplicitPrecompiledModules

CreateBuildDirectory /Users/tommywu/Desktop/26暑期内容/iOS-source-review/DyldFixups/DerivedData-bindrepeated-auth/Build/Intermediates.noindex/EagerLinkingTBDs/Release-iphoneos
    cd /Users/tommywu/Desktop/26暑期内容/iOS-source-review/DyldFixups/DyldFixupsLab.xcodeproj
    builtin-create-build-directory /Users/tommywu/Desktop/26暑期内容/iOS-source-review/DyldFixups/DerivedData-bindrepeated-auth/Build/Intermediates.noindex/EagerLinkingTBDs/Release-iphoneos

WriteAuxiliaryFile /Users/tommywu/Desktop/26暑期内容/iOS-source-review/DyldFixups/DerivedData-bindrepeated-auth/Build/Intermediates.noindex/DyldFixupsLab.build/Release-iphoneos/DyldFixupsLab-1f9a5cd8c81dec9b780dd3c687760f12-VFS-iphoneos/all-product-headers.yaml
    cd /Users/tommywu/Desktop/26暑期内容/iOS-source-review/DyldFixups/DyldFixupsLab.xcodeproj
    write-file /Users/tommywu/Desktop/26暑期内容/iOS-source-review/DyldFixups/DerivedData-bindrepeated-auth/Build/Intermediates.noindex/DyldFixupsLab.build/Release-iphoneos/DyldFixupsLab-1f9a5cd8c81dec9b780dd3c687760f12-VFS-iphoneos/all-product-headers.yaml

WriteAuxiliaryFile /Users/tommywu/Desktop/26暑期内容/iOS-source-review/DyldFixups/DerivedData-bindrepeated-auth/Build/Intermediates.noindex/DyldFixupsLab.build/Release-iphoneos/BindRepeatedPayload.build/empty-BindRepeatedPayload.plist (in target 'BindRepeatedPayload' from project 'DyldFixupsLab')
    cd /Users/tommywu/Desktop/26暑期内容/iOS-source-review/DyldFixups
    write-file /Users/tommywu/Desktop/26暑期内容/iOS-source-review/DyldFixups/DerivedData-bindrepeated-auth/Build/Intermediates.noindex/DyldFixupsLab.build/Release-iphoneos/BindRepeatedPayload.build/empty-BindRepeatedPayload.plist

WriteAuxiliaryFile /Users/tommywu/Desktop/26暑期内容/iOS-source-review/DyldFixups/DerivedData-bindrepeated-auth/Build/Intermediates.noindex/DyldFixupsLab.build/Release-iphoneos/BindRepeatedPayload.build/DerivedSources/BindRepeatedPayload_vers.c (in target 'BindRepeatedPayload' from project 'DyldFixupsLab')
    cd /Users/tommywu/Desktop/26暑期内容/iOS-source-review/DyldFixups
    write-file /Users/tommywu/Desktop/26暑期内容/iOS-source-review/DyldFixups/DerivedData-bindrepeated-auth/Build/Intermediates.noindex/DyldFixupsLab.build/Release-iphoneos/BindRepeatedPayload.build/DerivedSources/BindRepeatedPayload_vers.c

WriteAuxiliaryFile /Users/tommywu/Desktop/26暑期内容/iOS-source-review/DyldFixups/DerivedData-bindrepeated-auth/Build/Intermediates.noindex/DyldFixupsLab.build/Release-iphoneos/BindRepeatedPayload.build/Objects-normal/arm64/BindRepeatedPayload.LinkFileList (in target 'BindRepeatedPayload' from project 'DyldFixupsLab')
    cd /Users/tommywu/Desktop/26暑期内容/iOS-source-review/DyldFixups
    write-file /Users/tommywu/Desktop/26暑期内容/iOS-source-review/DyldFixups/DerivedData-bindrepeated-auth/Build/Intermediates.noindex/DyldFixupsLab.build/Release-iphoneos/BindRepeatedPayload.build/Objects-normal/arm64/BindRepeatedPayload.LinkFileList

WriteAuxiliaryFile /Users/tommywu/Desktop/26暑期内容/iOS-source-review/DyldFixups/DerivedData-bindrepeated-auth/Build/Intermediates.noindex/DyldFixupsLab.build/Release-iphoneos/BindRepeatedPayload.build/Objects-normal/arm64/7187679823f38a2a940e0043cdf9d637-common-args.resp (in target 'BindRepeatedPayload' from project 'DyldFixupsLab')
    cd /Users/tommywu/Desktop/26暑期内容/iOS-source-review/DyldFixups
    write-file /Users/tommywu/Desktop/26暑期内容/iOS-source-review/DyldFixups/DerivedData-bindrepeated-auth/Build/Intermediates.noindex/DyldFixupsLab.build/Release-iphoneos/BindRepeatedPayload.build/Objects-normal/arm64/7187679823f38a2a940e0043cdf9d637-common-args.resp
'-std=gnu11' -fmodules -gmodules '-fmodules-cache-path=/Users/tommywu/Desktop/26暑期内容/iOS-source-review/DyldFixups/DerivedData-bindrepeated-auth/ModuleCache.noindex' '-fmodule-name=BindRepeatedPayload' -fpascal-strings -Os -fno-common -g -iquote /Users/tommywu/Desktop/26暑期内容/iOS-source-review/DyldFixups/DerivedData-bindrepeated-auth/Build/Intermediates.noindex/DyldFixupsLab.build/Release-iphoneos/BindRepeatedPayload.build/BindRepeatedPayload-generated-files.hmap -I/Users/tommywu/Desktop/26暑期内容/iOS-source-review/DyldFixups/DerivedData-bindrepeated-auth/Build/Intermediates.noindex/DyldFixupsLab.build/Release-iphoneos/BindRepeatedPayload.build/BindRepeatedPayload-own-target-headers.hmap -I/Users/tommywu/Desktop/26暑期内容/iOS-source-review/DyldFixups/DerivedData-bindrepeated-auth/Build/Intermediates.noindex/DyldFixupsLab.build/Release-iphoneos/BindRepeatedPayload.build/BindRepeatedPayload-all-non-framework-target-headers.hmap -ivfsoverlay /Users/tommywu/Desktop/26暑期内容/iOS-source-review/DyldFixups/DerivedData-bindrepeated-auth/Build/Intermediates.noindex/DyldFixupsLab.build/Release-iphoneos/DyldFixupsLab-1f9a5cd8c81dec9b780dd3c687760f12-VFS-iphoneos/all-product-headers.yaml -iquote /Users/tommywu/Desktop/26暑期内容/iOS-source-review/DyldFixups/DerivedData-bindrepeated-auth/Build/Intermediates.noindex/DyldFixupsLab.build/Release-iphoneos/BindRepeatedPayload.build/BindRepeatedPayload-project-headers.hmap -I/Users/tommywu/Desktop/26暑期内容/iOS-source-review/DyldFixups/DerivedData-bindrepeated-auth/Build/Products/Release-iphoneos/include -I/Users/tommywu/Desktop/26暑期内容/iOS-source-review/DyldFixups/DerivedData-bindrepeated-auth/Build/Intermediates.noindex/DyldFixupsLab.build/Release-iphoneos/BindRepeatedPayload.build/DerivedSources-normal/arm64 -I/Users/tommywu/Desktop/26暑期内容/iOS-source-review/DyldFixups/DerivedData-bindrepeated-auth/Build/Intermediates.noindex/DyldFixupsLab.build/Release-iphoneos/BindRepeatedPayload.build/DerivedSources/arm64 -I/Users/tommywu/Desktop/26暑期内容/iOS-source-review/DyldFixups/DerivedData-bindrepeated-auth/Build/Intermediates.noindex/DyldFixupsLab.build/Release-iphoneos/BindRepeatedPayload.build/DerivedSources -F/Users/tommywu/Desktop/26暑期内容/iOS-source-review/DyldFixups/DerivedData-bindrepeated-auth/Build/Products/Release-iphoneos

WriteAuxiliaryFile /Users/tommywu/Desktop/26暑期内容/iOS-source-review/DyldFixups/DerivedData-bindrepeated-auth/Build/Intermediates.noindex/DyldFixupsLab.build/Release-iphoneos/BindRepeatedPayload.build/BindRepeatedPayload.hmap (in target 'BindRepeatedPayload' from project 'DyldFixupsLab')
    cd /Users/tommywu/Desktop/26暑期内容/iOS-source-review/DyldFixups
    write-file /Users/tommywu/Desktop/26暑期内容/iOS-source-review/DyldFixups/DerivedData-bindrepeated-auth/Build/Intermediates.noindex/DyldFixupsLab.build/Release-iphoneos/BindRepeatedPayload.build/BindRepeatedPayload.hmap

WriteAuxiliaryFile /Users/tommywu/Desktop/26暑期内容/iOS-source-review/DyldFixups/DerivedData-bindrepeated-auth/Build/Intermediates.noindex/DyldFixupsLab.build/Release-iphoneos/BindRepeatedPayload.build/BindRepeatedPayload.DependencyStaticMetadataFileList (in target 'BindRepeatedPayload' from project 'DyldFixupsLab')
    cd /Users/tommywu/Desktop/26暑期内容/iOS-source-review/DyldFixups
    write-file /Users/tommywu/Desktop/26暑期内容/iOS-source-review/DyldFixups/DerivedData-bindrepeated-auth/Build/Intermediates.noindex/DyldFixupsLab.build/Release-iphoneos/BindRepeatedPayload.build/BindRepeatedPayload.DependencyStaticMetadataFileList

WriteAuxiliaryFile /Users/tommywu/Desktop/26暑期内容/iOS-source-review/DyldFixups/DerivedData-bindrepeated-auth/Build/Intermediates.noindex/DyldFixupsLab.build/Release-iphoneos/BindRepeatedPayload.build/BindRepeatedPayload.DependencyMetadataFileList (in target 'BindRepeatedPayload' from project 'DyldFixupsLab')
    cd /Users/tommywu/Desktop/26暑期内容/iOS-source-review/DyldFixups
    write-file /Users/tommywu/Desktop/26暑期内容/iOS-source-review/DyldFixups/DerivedData-bindrepeated-auth/Build/Intermediates.noindex/DyldFixupsLab.build/Release-iphoneos/BindRepeatedPayload.build/BindRepeatedPayload.DependencyMetadataFileList

WriteAuxiliaryFile /Users/tommywu/Desktop/26暑期内容/iOS-source-review/DyldFixups/DerivedData-bindrepeated-auth/Build/Intermediates.noindex/DyldFixupsLab.build/Release-iphoneos/BindRepeatedPayload.build/BindRepeatedPayload-project-headers.hmap (in target 'BindRepeatedPayload' from project 'DyldFixupsLab')
    cd /Users/tommywu/Desktop/26暑期内容/iOS-source-review/DyldFixups
    write-file /Users/tommywu/Desktop/26暑期内容/iOS-source-review/DyldFixups/DerivedData-bindrepeated-auth/Build/Intermediates.noindex/DyldFixupsLab.build/Release-iphoneos/BindRepeatedPayload.build/BindRepeatedPayload-project-headers.hmap

WriteAuxiliaryFile /Users/tommywu/Desktop/26暑期内容/iOS-source-review/DyldFixups/DerivedData-bindrepeated-auth/Build/Intermediates.noindex/DyldFixupsLab.build/Release-iphoneos/BindRepeatedPayload.build/BindRepeatedPayload-own-target-headers.hmap (in target 'BindRepeatedPayload' from project 'DyldFixupsLab')
    cd /Users/tommywu/Desktop/26暑期内容/iOS-source-review/DyldFixups
    write-file /Users/tommywu/Desktop/26暑期内容/iOS-source-review/DyldFixups/DerivedData-bindrepeated-auth/Build/Intermediates.noindex/DyldFixupsLab.build/Release-iphoneos/BindRepeatedPayload.build/BindRepeatedPayload-own-target-headers.hmap

WriteAuxiliaryFile /Users/tommywu/Desktop/26暑期内容/iOS-source-review/DyldFixups/DerivedData-bindrepeated-auth/Build/Intermediates.noindex/DyldFixupsLab.build/Release-iphoneos/BindRepeatedPayload.build/BindRepeatedPayload-generated-files.hmap (in target 'BindRepeatedPayload' from project 'DyldFixupsLab')
    cd /Users/tommywu/Desktop/26暑期内容/iOS-source-review/DyldFixups
    write-file /Users/tommywu/Desktop/26暑期内容/iOS-source-review/DyldFixups/DerivedData-bindrepeated-auth/Build/Intermediates.noindex/DyldFixupsLab.build/Release-iphoneos/BindRepeatedPayload.build/BindRepeatedPayload-generated-files.hmap

WriteAuxiliaryFile /Users/tommywu/Desktop/26暑期内容/iOS-source-review/DyldFixups/DerivedData-bindrepeated-auth/Build/Intermediates.noindex/DyldFixupsLab.build/Release-iphoneos/BindRepeatedPayload.build/BindRepeatedPayload-all-target-headers.hmap (in target 'BindRepeatedPayload' from project 'DyldFixupsLab')
    cd /Users/tommywu/Desktop/26暑期内容/iOS-source-review/DyldFixups
    write-file /Users/tommywu/Desktop/26暑期内容/iOS-source-review/DyldFixups/DerivedData-bindrepeated-auth/Build/Intermediates.noindex/DyldFixupsLab.build/Release-iphoneos/BindRepeatedPayload.build/BindRepeatedPayload-all-target-headers.hmap

WriteAuxiliaryFile /Users/tommywu/Desktop/26暑期内容/iOS-source-review/DyldFixups/DerivedData-bindrepeated-auth/Build/Intermediates.noindex/DyldFixupsLab.build/Release-iphoneos/BindRepeatedPayload.build/BindRepeatedPayload-all-non-framework-target-headers.hmap (in target 'BindRepeatedPayload' from project 'DyldFixupsLab')
    cd /Users/tommywu/Desktop/26暑期内容/iOS-source-review/DyldFixups
    write-file /Users/tommywu/Desktop/26暑期内容/iOS-source-review/DyldFixups/DerivedData-bindrepeated-auth/Build/Intermediates.noindex/DyldFixupsLab.build/Release-iphoneos/BindRepeatedPayload.build/BindRepeatedPayload-all-non-framework-target-headers.hmap

WriteAuxiliaryFile /Users/tommywu/Desktop/26暑期内容/iOS-source-review/DyldFixups/DerivedData-bindrepeated-auth/Build/Intermediates.noindex/DyldFixupsLab.build/Release-iphoneos/BindRepeated.build/empty-BindRepeated.plist (in target 'BindRepeated' from project 'DyldFixupsLab')
    cd /Users/tommywu/Desktop/26暑期内容/iOS-source-review/DyldFixups
    write-file /Users/tommywu/Desktop/26暑期内容/iOS-source-review/DyldFixups/DerivedData-bindrepeated-auth/Build/Intermediates.noindex/DyldFixupsLab.build/Release-iphoneos/BindRepeated.build/empty-BindRepeated.plist

WriteAuxiliaryFile /Users/tommywu/Desktop/26暑期内容/iOS-source-review/DyldFixups/DerivedData-bindrepeated-auth/Build/Intermediates.noindex/DyldFixupsLab.build/Release-iphoneos/BindRepeated.build/Objects-normal/arm64/e6072d4f65d7061329687fe24e3d63a7-common-args.resp (in target 'BindRepeated' from project 'DyldFixupsLab')
    cd /Users/tommywu/Desktop/26暑期内容/iOS-source-review/DyldFixups
    write-file /Users/tommywu/Desktop/26暑期内容/iOS-source-review/DyldFixups/DerivedData-bindrepeated-auth/Build/Intermediates.noindex/DyldFixupsLab.build/Release-iphoneos/BindRepeated.build/Objects-normal/arm64/e6072d4f65d7061329687fe24e3d63a7-common-args.resp
'-std=gnu11' -fobjc-arc -fobjc-weak -fmodules -gmodules '-fmodules-cache-path=/Users/tommywu/Desktop/26暑期内容/iOS-source-review/DyldFixups/DerivedData-bindrepeated-auth/ModuleCache.noindex' -fpascal-strings -Os -fno-common '-DDYLD_EXPERIMENT_VARIANT=3' '-DNS_BLOCK_ASSERTIONS=1' '-DOBJC_OLD_DISPATCH_PROTOTYPES=0' -g '-fvisibility=hidden' -iquote /Users/tommywu/Desktop/26暑期内容/iOS-source-review/DyldFixups/DerivedData-bindrepeated-auth/Build/Intermediates.noindex/DyldFixupsLab.build/Release-iphoneos/BindRepeated.build/BindRepeated-generated-files.hmap -I/Users/tommywu/Desktop/26暑期内容/iOS-source-review/DyldFixups/DerivedData-bindrepeated-auth/Build/Intermediates.noindex/DyldFixupsLab.build/Release-iphoneos/BindRepeated.build/BindRepeated-own-target-headers.hmap -I/Users/tommywu/Desktop/26暑期内容/iOS-source-review/DyldFixups/DerivedData-bindrepeated-auth/Build/Intermediates.noindex/DyldFixupsLab.build/Release-iphoneos/BindRepeated.build/BindRepeated-all-non-framework-target-headers.hmap -ivfsoverlay /Users/tommywu/Desktop/26暑期内容/iOS-source-review/DyldFixups/DerivedData-bindrepeated-auth/Build/Intermediates.noindex/DyldFixupsLab.build/Release-iphoneos/DyldFixupsLab-1f9a5cd8c81dec9b780dd3c687760f12-VFS-iphoneos/all-product-headers.yaml -iquote /Users/tommywu/Desktop/26暑期内容/iOS-source-review/DyldFixups/DerivedData-bindrepeated-auth/Build/Intermediates.noindex/DyldFixupsLab.build/Release-iphoneos/BindRepeated.build/BindRepeated-project-headers.hmap -I/Users/tommywu/Desktop/26暑期内容/iOS-source-review/DyldFixups/DerivedData-bindrepeated-auth/Build/Products/Release-iphoneos/include -I/Users/tommywu/Desktop/26暑期内容/iOS-source-review/DyldFixups/DerivedData-bindrepeated-auth/Build/Intermediates.noindex/DyldFixupsLab.build/Release-iphoneos/BindRepeated.build/DerivedSources-normal/arm64 -I/Users/tommywu/Desktop/26暑期内容/iOS-source-review/DyldFixups/DerivedData-bindrepeated-auth/Build/Intermediates.noindex/DyldFixupsLab.build/Release-iphoneos/BindRepeated.build/DerivedSources/arm64 -I/Users/tommywu/Desktop/26暑期内容/iOS-source-review/DyldFixups/DerivedData-bindrepeated-auth/Build/Intermediates.noindex/DyldFixupsLab.build/Release-iphoneos/BindRepeated.build/DerivedSources -F/Users/tommywu/Desktop/26暑期内容/iOS-source-review/DyldFixups/DerivedData-bindrepeated-auth/Build/Products/Release-iphoneos

WriteAuxiliaryFile /Users/tommywu/Desktop/26暑期内容/iOS-source-review/DyldFixups/DerivedData-bindrepeated-auth/Build/Intermediates.noindex/DyldFixupsLab.build/Release-iphoneos/BindRepeated.build/Objects-normal/arm64/BindRepeated.LinkFileList (in target 'BindRepeated' from project 'DyldFixupsLab')
    cd /Users/tommywu/Desktop/26暑期内容/iOS-source-review/DyldFixups
    write-file /Users/tommywu/Desktop/26暑期内容/iOS-source-review/DyldFixups/DerivedData-bindrepeated-auth/Build/Intermediates.noindex/DyldFixupsLab.build/Release-iphoneos/BindRepeated.build/Objects-normal/arm64/BindRepeated.LinkFileList

WriteAuxiliaryFile /Users/tommywu/Desktop/26暑期内容/iOS-source-review/DyldFixups/DerivedData-bindrepeated-auth/Build/Intermediates.noindex/DyldFixupsLab.build/Release-iphoneos/BindRepeated.build/DerivedSources/Entitlements.plist (in target 'BindRepeated' from project 'DyldFixupsLab')
    cd /Users/tommywu/Desktop/26暑期内容/iOS-source-review/DyldFixups
    write-file /Users/tommywu/Desktop/26暑期内容/iOS-source-review/DyldFixups/DerivedData-bindrepeated-auth/Build/Intermediates.noindex/DyldFixupsLab.build/Release-iphoneos/BindRepeated.build/DerivedSources/Entitlements.plist

WriteAuxiliaryFile /Users/tommywu/Desktop/26暑期内容/iOS-source-review/DyldFixups/DerivedData-bindrepeated-auth/Build/Intermediates.noindex/DyldFixupsLab.build/Release-iphoneos/BindRepeated.build/BindRepeated.hmap (in target 'BindRepeated' from project 'DyldFixupsLab')
    cd /Users/tommywu/Desktop/26暑期内容/iOS-source-review/DyldFixups
    write-file /Users/tommywu/Desktop/26暑期内容/iOS-source-review/DyldFixups/DerivedData-bindrepeated-auth/Build/Intermediates.noindex/DyldFixupsLab.build/Release-iphoneos/BindRepeated.build/BindRepeated.hmap

WriteAuxiliaryFile /Users/tommywu/Desktop/26暑期内容/iOS-source-review/DyldFixups/DerivedData-bindrepeated-auth/Build/Intermediates.noindex/DyldFixupsLab.build/Release-iphoneos/BindRepeated.build/BindRepeated.DependencyStaticMetadataFileList (in target 'BindRepeated' from project 'DyldFixupsLab')
    cd /Users/tommywu/Desktop/26暑期内容/iOS-source-review/DyldFixups
    write-file /Users/tommywu/Desktop/26暑期内容/iOS-source-review/DyldFixups/DerivedData-bindrepeated-auth/Build/Intermediates.noindex/DyldFixupsLab.build/Release-iphoneos/BindRepeated.build/BindRepeated.DependencyStaticMetadataFileList

WriteAuxiliaryFile /Users/tommywu/Desktop/26暑期内容/iOS-source-review/DyldFixups/DerivedData-bindrepeated-auth/Build/Intermediates.noindex/DyldFixupsLab.build/Release-iphoneos/BindRepeated.build/BindRepeated.DependencyMetadataFileList (in target 'BindRepeated' from project 'DyldFixupsLab')
    cd /Users/tommywu/Desktop/26暑期内容/iOS-source-review/DyldFixups
    write-file /Users/tommywu/Desktop/26暑期内容/iOS-source-review/DyldFixups/DerivedData-bindrepeated-auth/Build/Intermediates.noindex/DyldFixupsLab.build/Release-iphoneos/BindRepeated.build/BindRepeated.DependencyMetadataFileList

WriteAuxiliaryFile /Users/tommywu/Desktop/26暑期内容/iOS-source-review/DyldFixups/DerivedData-bindrepeated-auth/Build/Intermediates.noindex/DyldFixupsLab.build/Release-iphoneos/BindRepeated.build/BindRepeated-project-headers.hmap (in target 'BindRepeated' from project 'DyldFixupsLab')
    cd /Users/tommywu/Desktop/26暑期内容/iOS-source-review/DyldFixups
    write-file /Users/tommywu/Desktop/26暑期内容/iOS-source-review/DyldFixups/DerivedData-bindrepeated-auth/Build/Intermediates.noindex/DyldFixupsLab.build/Release-iphoneos/BindRepeated.build/BindRepeated-project-headers.hmap

WriteAuxiliaryFile /Users/tommywu/Desktop/26暑期内容/iOS-source-review/DyldFixups/DerivedData-bindrepeated-auth/Build/Intermediates.noindex/DyldFixupsLab.build/Release-iphoneos/BindRepeated.build/BindRepeated-own-target-headers.hmap (in target 'BindRepeated' from project 'DyldFixupsLab')
    cd /Users/tommywu/Desktop/26暑期内容/iOS-source-review/DyldFixups
    write-file /Users/tommywu/Desktop/26暑期内容/iOS-source-review/DyldFixups/DerivedData-bindrepeated-auth/Build/Intermediates.noindex/DyldFixupsLab.build/Release-iphoneos/BindRepeated.build/BindRepeated-own-target-headers.hmap

WriteAuxiliaryFile /Users/tommywu/Desktop/26暑期内容/iOS-source-review/DyldFixups/DerivedData-bindrepeated-auth/Build/Intermediates.noindex/DyldFixupsLab.build/Release-iphoneos/BindRepeated.build/BindRepeated-generated-files.hmap (in target 'BindRepeated' from project 'DyldFixupsLab')
    cd /Users/tommywu/Desktop/26暑期内容/iOS-source-review/DyldFixups
    write-file /Users/tommywu/Desktop/26暑期内容/iOS-source-review/DyldFixups/DerivedData-bindrepeated-auth/Build/Intermediates.noindex/DyldFixupsLab.build/Release-iphoneos/BindRepeated.build/BindRepeated-generated-files.hmap

WriteAuxiliaryFile /Users/tommywu/Desktop/26暑期内容/iOS-source-review/DyldFixups/DerivedData-bindrepeated-auth/Build/Intermediates.noindex/DyldFixupsLab.build/Release-iphoneos/BindRepeated.build/BindRepeated-all-target-headers.hmap (in target 'BindRepeated' from project 'DyldFixupsLab')
    cd /Users/tommywu/Desktop/26暑期内容/iOS-source-review/DyldFixups
    write-file /Users/tommywu/Desktop/26暑期内容/iOS-source-review/DyldFixups/DerivedData-bindrepeated-auth/Build/Intermediates.noindex/DyldFixupsLab.build/Release-iphoneos/BindRepeated.build/BindRepeated-all-target-headers.hmap

WriteAuxiliaryFile /Users/tommywu/Desktop/26暑期内容/iOS-source-review/DyldFixups/DerivedData-bindrepeated-auth/Build/Intermediates.noindex/DyldFixupsLab.build/Release-iphoneos/BindRepeated.build/BindRepeated-all-non-framework-target-headers.hmap (in target 'BindRepeated' from project 'DyldFixupsLab')
    cd /Users/tommywu/Desktop/26暑期内容/iOS-source-review/DyldFixups
    write-file /Users/tommywu/Desktop/26暑期内容/iOS-source-review/DyldFixups/DerivedData-bindrepeated-auth/Build/Intermediates.noindex/DyldFixupsLab.build/Release-iphoneos/BindRepeated.build/BindRepeated-all-non-framework-target-headers.hmap

WriteAuxiliaryFile /Users/tommywu/Desktop/26暑期内容/iOS-source-review/DyldFixups/DerivedData-bindrepeated-auth/Build/Intermediates.noindex/DyldFixupsLab.build/Release-iphoneos/BindProvider.build/empty-BindProvider.plist (in target 'BindProvider' from project 'DyldFixupsLab')
    cd /Users/tommywu/Desktop/26暑期内容/iOS-source-review/DyldFixups
    write-file /Users/tommywu/Desktop/26暑期内容/iOS-source-review/DyldFixups/DerivedData-bindrepeated-auth/Build/Intermediates.noindex/DyldFixupsLab.build/Release-iphoneos/BindProvider.build/empty-BindProvider.plist

WriteAuxiliaryFile /Users/tommywu/Desktop/26暑期内容/iOS-source-review/DyldFixups/DerivedData-bindrepeated-auth/Build/Intermediates.noindex/DyldFixupsLab.build/Release-iphoneos/BindProvider.build/Objects-normal/arm64/BindProvider.LinkFileList (in target 'BindProvider' from project 'DyldFixupsLab')
    cd /Users/tommywu/Desktop/26暑期内容/iOS-source-review/DyldFixups
    write-file /Users/tommywu/Desktop/26暑期内容/iOS-source-review/DyldFixups/DerivedData-bindrepeated-auth/Build/Intermediates.noindex/DyldFixupsLab.build/Release-iphoneos/BindProvider.build/Objects-normal/arm64/BindProvider.LinkFileList

WriteAuxiliaryFile /Users/tommywu/Desktop/26暑期内容/iOS-source-review/DyldFixups/DerivedData-bindrepeated-auth/Build/Intermediates.noindex/DyldFixupsLab.build/Release-iphoneos/BindProvider.build/Objects-normal/arm64/7187679823f38a2a940e0043cdf9d637-common-args.resp (in target 'BindProvider' from project 'DyldFixupsLab')
    cd /Users/tommywu/Desktop/26暑期内容/iOS-source-review/DyldFixups
    write-file /Users/tommywu/Desktop/26暑期内容/iOS-source-review/DyldFixups/DerivedData-bindrepeated-auth/Build/Intermediates.noindex/DyldFixupsLab.build/Release-iphoneos/BindProvider.build/Objects-normal/arm64/7187679823f38a2a940e0043cdf9d637-common-args.resp
'-std=gnu11' -fmodules -gmodules '-fmodules-cache-path=/Users/tommywu/Desktop/26暑期内容/iOS-source-review/DyldFixups/DerivedData-bindrepeated-auth/ModuleCache.noindex' '-fmodule-name=BindProvider' -fpascal-strings -Os -fno-common -g -iquote /Users/tommywu/Desktop/26暑期内容/iOS-source-review/DyldFixups/DerivedData-bindrepeated-auth/Build/Intermediates.noindex/DyldFixupsLab.build/Release-iphoneos/BindProvider.build/BindProvider-generated-files.hmap -I/Users/tommywu/Desktop/26暑期内容/iOS-source-review/DyldFixups/DerivedData-bindrepeated-auth/Build/Intermediates.noindex/DyldFixupsLab.build/Release-iphoneos/BindProvider.build/BindProvider-own-target-headers.hmap -I/Users/tommywu/Desktop/26暑期内容/iOS-source-review/DyldFixups/DerivedData-bindrepeated-auth/Build/Intermediates.noindex/DyldFixupsLab.build/Release-iphoneos/BindProvider.build/BindProvider-all-non-framework-target-headers.hmap -ivfsoverlay /Users/tommywu/Desktop/26暑期内容/iOS-source-review/DyldFixups/DerivedData-bindrepeated-auth/Build/Intermediates.noindex/DyldFixupsLab.build/Release-iphoneos/DyldFixupsLab-1f9a5cd8c81dec9b780dd3c687760f12-VFS-iphoneos/all-product-headers.yaml -iquote /Users/tommywu/Desktop/26暑期内容/iOS-source-review/DyldFixups/DerivedData-bindrepeated-auth/Build/Intermediates.noindex/DyldFixupsLab.build/Release-iphoneos/BindProvider.build/BindProvider-project-headers.hmap -I/Users/tommywu/Desktop/26暑期内容/iOS-source-review/DyldFixups/DerivedData-bindrepeated-auth/Build/Products/Release-iphoneos/include -I/Users/tommywu/Desktop/26暑期内容/iOS-source-review/DyldFixups/DerivedData-bindrepeated-auth/Build/Intermediates.noindex/DyldFixupsLab.build/Release-iphoneos/BindProvider.build/DerivedSources-normal/arm64 -I/Users/tommywu/Desktop/26暑期内容/iOS-source-review/DyldFixups/DerivedData-bindrepeated-auth/Build/Intermediates.noindex/DyldFixupsLab.build/Release-iphoneos/BindProvider.build/DerivedSources/arm64 -I/Users/tommywu/Desktop/26暑期内容/iOS-source-review/DyldFixups/DerivedData-bindrepeated-auth/Build/Intermediates.noindex/DyldFixupsLab.build/Release-iphoneos/BindProvider.build/DerivedSources -F/Users/tommywu/Desktop/26暑期内容/iOS-source-review/DyldFixups/DerivedData-bindrepeated-auth/Build/Products/Release-iphoneos

WriteAuxiliaryFile /Users/tommywu/Desktop/26暑期内容/iOS-source-review/DyldFixups/DerivedData-bindrepeated-auth/Build/Intermediates.noindex/DyldFixupsLab.build/Release-iphoneos/BindProvider.build/DerivedSources/BindProvider_vers.c (in target 'BindProvider' from project 'DyldFixupsLab')
    cd /Users/tommywu/Desktop/26暑期内容/iOS-source-review/DyldFixups
    write-file /Users/tommywu/Desktop/26暑期内容/iOS-source-review/DyldFixups/DerivedData-bindrepeated-auth/Build/Intermediates.noindex/DyldFixupsLab.build/Release-iphoneos/BindProvider.build/DerivedSources/BindProvider_vers.c

WriteAuxiliaryFile /Users/tommywu/Desktop/26暑期内容/iOS-source-review/DyldFixups/DerivedData-bindrepeated-auth/Build/Intermediates.noindex/DyldFixupsLab.build/Release-iphoneos/BindProvider.build/BindProvider.hmap (in target 'BindProvider' from project 'DyldFixupsLab')
    cd /Users/tommywu/Desktop/26暑期内容/iOS-source-review/DyldFixups
    write-file /Users/tommywu/Desktop/26暑期内容/iOS-source-review/DyldFixups/DerivedData-bindrepeated-auth/Build/Intermediates.noindex/DyldFixupsLab.build/Release-iphoneos/BindProvider.build/BindProvider.hmap

WriteAuxiliaryFile /Users/tommywu/Desktop/26暑期内容/iOS-source-review/DyldFixups/DerivedData-bindrepeated-auth/Build/Intermediates.noindex/DyldFixupsLab.build/Release-iphoneos/BindProvider.build/BindProvider.DependencyStaticMetadataFileList (in target 'BindProvider' from project 'DyldFixupsLab')
    cd /Users/tommywu/Desktop/26暑期内容/iOS-source-review/DyldFixups
    write-file /Users/tommywu/Desktop/26暑期内容/iOS-source-review/DyldFixups/DerivedData-bindrepeated-auth/Build/Intermediates.noindex/DyldFixupsLab.build/Release-iphoneos/BindProvider.build/BindProvider.DependencyStaticMetadataFileList

WriteAuxiliaryFile /Users/tommywu/Desktop/26暑期内容/iOS-source-review/DyldFixups/DerivedData-bindrepeated-auth/Build/Intermediates.noindex/DyldFixupsLab.build/Release-iphoneos/BindProvider.build/BindProvider.DependencyMetadataFileList (in target 'BindProvider' from project 'DyldFixupsLab')
    cd /Users/tommywu/Desktop/26暑期内容/iOS-source-review/DyldFixups
    write-file /Users/tommywu/Desktop/26暑期内容/iOS-source-review/DyldFixups/DerivedData-bindrepeated-auth/Build/Intermediates.noindex/DyldFixupsLab.build/Release-iphoneos/BindProvider.build/BindProvider.DependencyMetadataFileList

WriteAuxiliaryFile /Users/tommywu/Desktop/26暑期内容/iOS-source-review/DyldFixups/DerivedData-bindrepeated-auth/Build/Intermediates.noindex/DyldFixupsLab.build/Release-iphoneos/BindProvider.build/BindProvider-project-headers.hmap (in target 'BindProvider' from project 'DyldFixupsLab')
    cd /Users/tommywu/Desktop/26暑期内容/iOS-source-review/DyldFixups
    write-file /Users/tommywu/Desktop/26暑期内容/iOS-source-review/DyldFixups/DerivedData-bindrepeated-auth/Build/Intermediates.noindex/DyldFixupsLab.build/Release-iphoneos/BindProvider.build/BindProvider-project-headers.hmap

WriteAuxiliaryFile /Users/tommywu/Desktop/26暑期内容/iOS-source-review/DyldFixups/DerivedData-bindrepeated-auth/Build/Intermediates.noindex/DyldFixupsLab.build/Release-iphoneos/BindProvider.build/BindProvider-own-target-headers.hmap (in target 'BindProvider' from project 'DyldFixupsLab')
    cd /Users/tommywu/Desktop/26暑期内容/iOS-source-review/DyldFixups
    write-file /Users/tommywu/Desktop/26暑期内容/iOS-source-review/DyldFixups/DerivedData-bindrepeated-auth/Build/Intermediates.noindex/DyldFixupsLab.build/Release-iphoneos/BindProvider.build/BindProvider-own-target-headers.hmap

WriteAuxiliaryFile /Users/tommywu/Desktop/26暑期内容/iOS-source-review/DyldFixups/DerivedData-bindrepeated-auth/Build/Intermediates.noindex/DyldFixupsLab.build/Release-iphoneos/BindProvider.build/BindProvider-generated-files.hmap (in target 'BindProvider' from project 'DyldFixupsLab')
    cd /Users/tommywu/Desktop/26暑期内容/iOS-source-review/DyldFixups
    write-file /Users/tommywu/Desktop/26暑期内容/iOS-source-review/DyldFixups/DerivedData-bindrepeated-auth/Build/Intermediates.noindex/DyldFixupsLab.build/Release-iphoneos/BindProvider.build/BindProvider-generated-files.hmap

WriteAuxiliaryFile /Users/tommywu/Desktop/26暑期内容/iOS-source-review/DyldFixups/DerivedData-bindrepeated-auth/Build/Intermediates.noindex/DyldFixupsLab.build/Release-iphoneos/BindProvider.build/BindProvider-all-target-headers.hmap (in target 'BindProvider' from project 'DyldFixupsLab')
    cd /Users/tommywu/Desktop/26暑期内容/iOS-source-review/DyldFixups
    write-file /Users/tommywu/Desktop/26暑期内容/iOS-source-review/DyldFixups/DerivedData-bindrepeated-auth/Build/Intermediates.noindex/DyldFixupsLab.build/Release-iphoneos/BindProvider.build/BindProvider-all-target-headers.hmap

WriteAuxiliaryFile /Users/tommywu/Desktop/26暑期内容/iOS-source-review/DyldFixups/DerivedData-bindrepeated-auth/Build/Intermediates.noindex/DyldFixupsLab.build/Release-iphoneos/BindProvider.build/BindProvider-all-non-framework-target-headers.hmap (in target 'BindProvider' from project 'DyldFixupsLab')
    cd /Users/tommywu/Desktop/26暑期内容/iOS-source-review/DyldFixups
    write-file /Users/tommywu/Desktop/26暑期内容/iOS-source-review/DyldFixups/DerivedData-bindrepeated-auth/Build/Intermediates.noindex/DyldFixupsLab.build/Release-iphoneos/BindProvider.build/BindProvider-all-non-framework-target-headers.hmap

MkDir /Users/tommywu/Desktop/26暑期内容/iOS-source-review/DyldFixups/DerivedData-bindrepeated-auth/Build/Products/Release-iphoneos/BindRepeatedPayload.framework (in target 'BindRepeatedPayload' from project 'DyldFixupsLab')
    cd /Users/tommywu/Desktop/26暑期内容/iOS-source-review/DyldFixups
    /bin/mkdir -p /Users/tommywu/Desktop/26暑期内容/iOS-source-review/DyldFixups/DerivedData-bindrepeated-auth/Build/Products/Release-iphoneos/BindRepeatedPayload.framework

MkDir /Users/tommywu/Desktop/26暑期内容/iOS-source-review/DyldFixups/DerivedData-bindrepeated-auth/Build/Products/Release-iphoneos/BindRepeated.app/Frameworks (in target 'BindRepeated' from project 'DyldFixupsLab')
    cd /Users/tommywu/Desktop/26暑期内容/iOS-source-review/DyldFixups
    /bin/mkdir -p /Users/tommywu/Desktop/26暑期内容/iOS-source-review/DyldFixups/DerivedData-bindrepeated-auth/Build/Products/Release-iphoneos/BindRepeated.app/Frameworks

MkDir /Users/tommywu/Desktop/26暑期内容/iOS-source-review/DyldFixups/DerivedData-bindrepeated-auth/Build/Products/Release-iphoneos/BindRepeated.app (in target 'BindRepeated' from project 'DyldFixupsLab')
    cd /Users/tommywu/Desktop/26暑期内容/iOS-source-review/DyldFixups
    /bin/mkdir -p /Users/tommywu/Desktop/26暑期内容/iOS-source-review/DyldFixups/DerivedData-bindrepeated-auth/Build/Products/Release-iphoneos/BindRepeated.app

MkDir /Users/tommywu/Desktop/26暑期内容/iOS-source-review/DyldFixups/DerivedData-bindrepeated-auth/Build/Products/Release-iphoneos/BindProvider.framework (in target 'BindProvider' from project 'DyldFixupsLab')
    cd /Users/tommywu/Desktop/26暑期内容/iOS-source-review/DyldFixups
    /bin/mkdir -p /Users/tommywu/Desktop/26暑期内容/iOS-source-review/DyldFixups/DerivedData-bindrepeated-auth/Build/Products/Release-iphoneos/BindProvider.framework

ProcessProductPackaging "" /Users/tommywu/Desktop/26暑期内容/iOS-source-review/DyldFixups/DerivedData-bindrepeated-auth/Build/Intermediates.noindex/DyldFixupsLab.build/Release-iphoneos/BindRepeated.build/BindRepeated.app.xcent (in target 'BindRepeated' from project 'DyldFixupsLab')
    cd /Users/tommywu/Desktop/26暑期内容/iOS-source-review/DyldFixups
    
    Entitlements:
    
    {
    "application-identifier" = "JASSJ2R9D6.com.tommywu.lab.dyldfixups.bindrepeated";
    "com.apple.developer.team-identifier" = JASSJ2R9D6;
    "get-task-allow" = 1;
}
    
    builtin-productPackagingUtility -entitlements -format xml -o /Users/tommywu/Desktop/26暑期内容/iOS-source-review/DyldFixups/DerivedData-bindrepeated-auth/Build/Intermediates.noindex/DyldFixupsLab.build/Release-iphoneos/BindRepeated.build/BindRepeated.app.xcent

ProcessProductPackaging /Users/tommywu/Library/Developer/Xcode/UserData/Provisioning\ Profiles/ce73f618-5d03-4c50-bf4c-0c85fc05a1cd.mobileprovision /Users/tommywu/Desktop/26暑期内容/iOS-source-review/DyldFixups/DerivedData-bindrepeated-auth/Build/Products/Release-iphoneos/BindRepeated.app/embedded.mobileprovision (in target 'BindRepeated' from project 'DyldFixupsLab')
    cd /Users/tommywu/Desktop/26暑期内容/iOS-source-review/DyldFixups
    builtin-productPackagingUtility /Users/tommywu/Library/Developer/Xcode/UserData/Provisioning\ Profiles/ce73f618-5d03-4c50-bf4c-0c85fc05a1cd.mobileprovision -o /Users/tommywu/Desktop/26暑期内容/iOS-source-review/DyldFixups/DerivedData-bindrepeated-auth/Build/Products/Release-iphoneos/BindRepeated.app/embedded.mobileprovision

ProcessInfoPlistFile /Users/tommywu/Desktop/26暑期内容/iOS-source-review/DyldFixups/DerivedData-bindrepeated-auth/Build/Products/Release-iphoneos/BindProvider.framework/Info.plist /Users/tommywu/Desktop/26暑期内容/iOS-source-review/DyldFixups/DerivedData-bindrepeated-auth/Build/Intermediates.noindex/DyldFixupsLab.build/Release-iphoneos/BindProvider.build/empty-BindProvider.plist (in target 'BindProvider' from project 'DyldFixupsLab')
    cd /Users/tommywu/Desktop/26暑期内容/iOS-source-review/DyldFixups
    builtin-infoPlistUtility /Users/tommywu/Desktop/26暑期内容/iOS-source-review/DyldFixups/DerivedData-bindrepeated-auth/Build/Intermediates.noindex/DyldFixupsLab.build/Release-iphoneos/BindProvider.build/empty-BindProvider.plist -producttype com.apple.product-type.framework -expandbuildsettings -format binary -platform iphoneos -requiredArchitecture arm64 -o /Users/tommywu/Desktop/26暑期内容/iOS-source-review/DyldFixups/DerivedData-bindrepeated-auth/Build/Products/Release-iphoneos/BindProvider.framework/Info.plist

ProcessProductPackagingDER /Users/tommywu/Desktop/26暑期内容/iOS-source-review/DyldFixups/DerivedData-bindrepeated-auth/Build/Intermediates.noindex/DyldFixupsLab.build/Release-iphoneos/BindRepeated.build/BindRepeated.app.xcent /Users/tommywu/Desktop/26暑期内容/iOS-source-review/DyldFixups/DerivedData-bindrepeated-auth/Build/Intermediates.noindex/DyldFixupsLab.build/Release-iphoneos/BindRepeated.build/BindRepeated.app.xcent.der (in target 'BindRepeated' from project 'DyldFixupsLab')
    cd /Users/tommywu/Desktop/26暑期内容/iOS-source-review/DyldFixups
    /usr/bin/derq query -f xml -i /Users/tommywu/Desktop/26暑期内容/iOS-source-review/DyldFixups/DerivedData-bindrepeated-auth/Build/Intermediates.noindex/DyldFixupsLab.build/Release-iphoneos/BindRepeated.build/BindRepeated.app.xcent -o /Users/tommywu/Desktop/26暑期内容/iOS-source-review/DyldFixups/DerivedData-bindrepeated-auth/Build/Intermediates.noindex/DyldFixupsLab.build/Release-iphoneos/BindRepeated.build/BindRepeated.app.xcent.der --raw

ScanDependencies /Users/tommywu/Desktop/26暑期内容/iOS-source-review/DyldFixups/DerivedData-bindrepeated-auth/Build/Intermediates.noindex/DyldFixupsLab.build/Release-iphoneos/BindRepeatedPayload.build/Objects-normal/arm64/payload.o /Users/tommywu/Desktop/26暑期内容/iOS-source-review/DyldFixups/Generated/BindRepeated/payload.c normal arm64 c com.apple.compilers.llvm.clang.1_0.compiler (in target 'BindRepeatedPayload' from project 'DyldFixupsLab')
    cd /Users/tommywu/Desktop/26暑期内容/iOS-source-review/DyldFixups
    
    Using response file: /Users/tommywu/Desktop/26暑期内容/iOS-source-review/DyldFixups/DerivedData-bindrepeated-auth/Build/Intermediates.noindex/DyldFixupsLab.build/Release-iphoneos/BindRepeatedPayload.build/Objects-normal/arm64/7187679823f38a2a940e0043cdf9d637-common-args.resp
    
    builtin-ScanDependencies -o /Users/tommywu/Desktop/26暑期内容/iOS-source-review/DyldFixups/DerivedData-bindrepeated-auth/Build/Intermediates.noindex/DyldFixupsLab.build/Release-iphoneos/BindRepeatedPayload.build/Objects-normal/arm64/payload.o.scan -- /Applications/Xcode.app/Contents/Developer/Toolchains/XcodeDefault.xctoolchain/usr/bin/clang -x c -ivfsstatcache /Users/tommywu/Desktop/26暑期内容/iOS-source-review/DyldFixups/DerivedData-bindrepeated-auth/SDKStatCaches.noindex/iphoneos27.0-24A430-6c78b3cbc238196c85e1bf6c792c5915.sdkstatcache -target arm64-apple-ios15.0 -fmessage-length\=0 -fdiagnostics-show-note-include-stack -fmacro-backtrace-limit\=0 -fno-color-diagnostics -fmodules-prune-interval\=86400 -fmodules-prune-after\=345600 -fbuild-session-file\=/Users/tommywu/Desktop/26暑期内容/iOS-source-review/DyldFixups/DerivedData-bindrepeated-auth/ModuleCache.noindex/Session.modulevalidation -fmodules-validate-once-per-build-session -Wnon-modular-include-in-framework-module -Werror\=non-modular-include-in-framework-module -Wno-trigraphs -Wno-missing-field-initializers -Wno-missing-prototypes -Werror\=return-type -Wdocumentation -Wunreachable-code -Wquoted-include-in-framework-header -Werror\=deprecated-objc-isa-usage -Werror\=objc-root-class -Wno-missing-braces -Wparentheses -Wswitch -Wunused-function -Wno-unused-label -Wno-unused-parameter -Wunused-variable -Wunused-value -Wempty-body -Wuninitialized -Wconditional-uninitialized -Wno-unknown-pragmas -Wno-shadow -Wno-four-char-constants -Wno-conversion -Wconstant-conversion -Wint-conversion -Wbool-conversion -Wenum-conversion -Wno-float-conversion -Wnon-literal-null-conversion -Wobjc-literal-conversion -Wshorten-64-to-32 -Wpointer-sign -Wno-newline-eof -Wno-implicit-fallthrough -isysroot /Applications/Xcode.app/Contents/Developer/Platforms/iPhoneOS.platform/Developer/SDKs/iPhoneOS27.0.sdk -fstrict-aliasing -Wdeprecated-declarations -Wno-sign-conversion -Winfinite-recursion -Wcomma -Wblock-capture-autoreleasing -Wstrict-prototypes -Wno-semicolon-before-method-body -Wunguarded-availability @/Users/tommywu/Desktop/26暑期内容/iOS-source-review/DyldFixups/DerivedData-bindrepeated-auth/Build/Intermediates.noindex/DyldFixupsLab.build/Release-iphoneos/BindRepeatedPayload.build/Objects-normal/arm64/7187679823f38a2a940e0043cdf9d637-common-args.resp -MMD -MT dependencies -MF /Users/tommywu/Desktop/26暑期内容/iOS-source-review/DyldFixups/DerivedData-bindrepeated-auth/Build/Intermediates.noindex/DyldFixupsLab.build/Release-iphoneos/BindRepeatedPayload.build/Objects-normal/arm64/payload.d --serialize-diagnostics /Users/tommywu/Desktop/26暑期内容/iOS-source-review/DyldFixups/DerivedData-bindrepeated-auth/Build/Intermediates.noindex/DyldFixupsLab.build/Release-iphoneos/BindRepeatedPayload.build/Objects-normal/arm64/payload.dia -c /Users/tommywu/Desktop/26暑期内容/iOS-source-review/DyldFixups/Generated/BindRepeated/payload.c -o /Users/tommywu/Desktop/26暑期内容/iOS-source-review/DyldFixups/DerivedData-bindrepeated-auth/Build/Intermediates.noindex/DyldFixupsLab.build/Release-iphoneos/BindRepeatedPayload.build/Objects-normal/arm64/payload.o

ScanDependencies /Users/tommywu/Desktop/26暑期内容/iOS-source-review/DyldFixups/DerivedData-bindrepeated-auth/Build/Intermediates.noindex/DyldFixupsLab.build/Release-iphoneos/BindRepeated.build/Objects-normal/arm64/main.o /Users/tommywu/Desktop/26暑期内容/iOS-source-review/DyldFixups/Sources/main.m normal arm64 objective-c com.apple.compilers.llvm.clang.1_0.compiler (in target 'BindRepeated' from project 'DyldFixupsLab')
    cd /Users/tommywu/Desktop/26暑期内容/iOS-source-review/DyldFixups
    
    Using response file: /Users/tommywu/Desktop/26暑期内容/iOS-source-review/DyldFixups/DerivedData-bindrepeated-auth/Build/Intermediates.noindex/DyldFixupsLab.build/Release-iphoneos/BindRepeated.build/Objects-normal/arm64/e6072d4f65d7061329687fe24e3d63a7-common-args.resp
    
    builtin-ScanDependencies -o /Users/tommywu/Desktop/26暑期内容/iOS-source-review/DyldFixups/DerivedData-bindrepeated-auth/Build/Intermediates.noindex/DyldFixupsLab.build/Release-iphoneos/BindRepeated.build/Objects-normal/arm64/main.o.scan -- /Applications/Xcode.app/Contents/Developer/Toolchains/XcodeDefault.xctoolchain/usr/bin/clang -x objective-c -ivfsstatcache /Users/tommywu/Desktop/26暑期内容/iOS-source-review/DyldFixups/DerivedData-bindrepeated-auth/SDKStatCaches.noindex/iphoneos27.0-24A430-6c78b3cbc238196c85e1bf6c792c5915.sdkstatcache -target arm64-apple-ios15.0 -fmessage-length\=0 -fdiagnostics-show-note-include-stack -fmacro-backtrace-limit\=0 -fno-color-diagnostics -fmodules-prune-interval\=86400 -fmodules-prune-after\=345600 -fbuild-session-file\=/Users/tommywu/Desktop/26暑期内容/iOS-source-review/DyldFixups/DerivedData-bindrepeated-auth/ModuleCache.noindex/Session.modulevalidation -fmodules-validate-once-per-build-session -Wnon-modular-include-in-framework-module -Werror\=non-modular-include-in-framework-module -Wno-trigraphs -Wno-missing-field-initializers -Wno-missing-prototypes -Werror\=return-type -Wdocumentation -Wunreachable-code -Wquoted-include-in-framework-header -Wno-implicit-atomic-properties -Werror\=deprecated-objc-isa-usage -Wno-objc-interface-ivars -Werror\=objc-root-class -Wno-arc-repeated-use-of-weak -Wimplicit-retain-self -Wduplicate-method-match -Wno-missing-braces -Wparentheses -Wswitch -Wunused-function -Wno-unused-label -Wno-unused-parameter -Wunused-variable -Wunused-value -Wempty-body -Wuninitialized -Wconditional-uninitialized -Wno-unknown-pragmas -Wno-shadow -Wno-four-char-constants -Wno-conversion -Wconstant-conversion -Wint-conversion -Wbool-conversion -Wenum-conversion -Wno-float-conversion -Wnon-literal-null-conversion -Wobjc-literal-conversion -Wshorten-64-to-32 -Wpointer-sign -Wno-newline-eof -Wno-selector -Wno-strict-selector-match -Wundeclared-selector -Wdeprecated-implementations -Wno-implicit-fallthrough -isysroot /Applications/Xcode.app/Contents/Developer/Platforms/iPhoneOS.platform/Developer/SDKs/iPhoneOS27.0.sdk -fstrict-aliasing -Wprotocol -Wdeprecated-declarations -Wno-sign-conversion -Winfinite-recursion -Wcomma -Wblock-capture-autoreleasing -Wstrict-prototypes -Wno-semicolon-before-method-body -Wunguarded-availability @/Users/tommywu/Desktop/26暑期内容/iOS-source-review/DyldFixups/DerivedData-bindrepeated-auth/Build/Intermediates.noindex/DyldFixupsLab.build/Release-iphoneos/BindRepeated.build/Objects-normal/arm64/e6072d4f65d7061329687fe24e3d63a7-common-args.resp -MMD -MT dependencies -MF /Users/tommywu/Desktop/26暑期内容/iOS-source-review/DyldFixups/DerivedData-bindrepeated-auth/Build/Intermediates.noindex/DyldFixupsLab.build/Release-iphoneos/BindRepeated.build/Objects-normal/arm64/main.d --serialize-diagnostics /Users/tommywu/Desktop/26暑期内容/iOS-source-review/DyldFixups/DerivedData-bindrepeated-auth/Build/Intermediates.noindex/DyldFixupsLab.build/Release-iphoneos/BindRepeated.build/Objects-normal/arm64/main.dia -c /Users/tommywu/Desktop/26暑期内容/iOS-source-review/DyldFixups/Sources/main.m -o /Users/tommywu/Desktop/26暑期内容/iOS-source-review/DyldFixups/DerivedData-bindrepeated-auth/Build/Intermediates.noindex/DyldFixupsLab.build/Release-iphoneos/BindRepeated.build/Objects-normal/arm64/main.o

ScanDependencies /Users/tommywu/Desktop/26暑期内容/iOS-source-review/DyldFixups/DerivedData-bindrepeated-auth/Build/Intermediates.noindex/DyldFixupsLab.build/Release-iphoneos/BindRepeatedPayload.build/Objects-normal/arm64/BindRepeatedPayload_vers.o /Users/tommywu/Desktop/26暑期内容/iOS-source-review/DyldFixups/DerivedData-bindrepeated-auth/Build/Intermediates.noindex/DyldFixupsLab.build/Release-iphoneos/BindRepeatedPayload.build/DerivedSources/BindRepeatedPayload_vers.c normal arm64 c com.apple.compilers.llvm.clang.1_0.compiler (in target 'BindRepeatedPayload' from project 'DyldFixupsLab')
    cd /Users/tommywu/Desktop/26暑期内容/iOS-source-review/DyldFixups
    
    Using response file: /Users/tommywu/Desktop/26暑期内容/iOS-source-review/DyldFixups/DerivedData-bindrepeated-auth/Build/Intermediates.noindex/DyldFixupsLab.build/Release-iphoneos/BindRepeatedPayload.build/Objects-normal/arm64/7187679823f38a2a940e0043cdf9d637-common-args.resp
    
    builtin-ScanDependencies -o /Users/tommywu/Desktop/26暑期内容/iOS-source-review/DyldFixups/DerivedData-bindrepeated-auth/Build/Intermediates.noindex/DyldFixupsLab.build/Release-iphoneos/BindRepeatedPayload.build/Objects-normal/arm64/BindRepeatedPayload_vers.o.scan -- /Applications/Xcode.app/Contents/Developer/Toolchains/XcodeDefault.xctoolchain/usr/bin/clang -x c -ivfsstatcache /Users/tommywu/Desktop/26暑期内容/iOS-source-review/DyldFixups/DerivedData-bindrepeated-auth/SDKStatCaches.noindex/iphoneos27.0-24A430-6c78b3cbc238196c85e1bf6c792c5915.sdkstatcache -target arm64-apple-ios15.0 -fmessage-length\=0 -fdiagnostics-show-note-include-stack -fmacro-backtrace-limit\=0 -fno-color-diagnostics -fmodules-prune-interval\=86400 -fmodules-prune-after\=345600 -fbuild-session-file\=/Users/tommywu/Desktop/26暑期内容/iOS-source-review/DyldFixups/DerivedData-bindrepeated-auth/ModuleCache.noindex/Session.modulevalidation -fmodules-validate-once-per-build-session -Wnon-modular-include-in-framework-module -Werror\=non-modular-include-in-framework-module -Wno-trigraphs -Wno-missing-field-initializers -Wno-missing-prototypes -Werror\=return-type -Wdocumentation -Wunreachable-code -Wquoted-include-in-framework-header -Werror\=deprecated-objc-isa-usage -Werror\=objc-root-class -Wno-missing-braces -Wparentheses -Wswitch -Wunused-function -Wno-unused-label -Wno-unused-parameter -Wunused-variable -Wunused-value -Wempty-body -Wuninitialized -Wconditional-uninitialized -Wno-unknown-pragmas -Wno-shadow -Wno-four-char-constants -Wno-conversion -Wconstant-conversion -Wint-conversion -Wbool-conversion -Wenum-conversion -Wno-float-conversion -Wnon-literal-null-conversion -Wobjc-literal-conversion -Wshorten-64-to-32 -Wpointer-sign -Wno-newline-eof -Wno-implicit-fallthrough -isysroot /Applications/Xcode.app/Contents/Developer/Platforms/iPhoneOS.platform/Developer/SDKs/iPhoneOS27.0.sdk -fstrict-aliasing -Wdeprecated-declarations -Wno-sign-conversion -Winfinite-recursion -Wcomma -Wblock-capture-autoreleasing -Wstrict-prototypes -Wno-semicolon-before-method-body -Wunguarded-availability @/Users/tommywu/Desktop/26暑期内容/iOS-source-review/DyldFixups/DerivedData-bindrepeated-auth/Build/Intermediates.noindex/DyldFixupsLab.build/Release-iphoneos/BindRepeatedPayload.build/Objects-normal/arm64/7187679823f38a2a940e0043cdf9d637-common-args.resp -MMD -MT dependencies -MF /Users/tommywu/Desktop/26暑期内容/iOS-source-review/DyldFixups/DerivedData-bindrepeated-auth/Build/Intermediates.noindex/DyldFixupsLab.build/Release-iphoneos/BindRepeatedPayload.build/Objects-normal/arm64/BindRepeatedPayload_vers.d --serialize-diagnostics /Users/tommywu/Desktop/26暑期内容/iOS-source-review/DyldFixups/DerivedData-bindrepeated-auth/Build/Intermediates.noindex/DyldFixupsLab.build/Release-iphoneos/BindRepeatedPayload.build/Objects-normal/arm64/BindRepeatedPayload_vers.dia -c /Users/tommywu/Desktop/26暑期内容/iOS-source-review/DyldFixups/DerivedData-bindrepeated-auth/Build/Intermediates.noindex/DyldFixupsLab.build/Release-iphoneos/BindRepeatedPayload.build/DerivedSources/BindRepeatedPayload_vers.c -o /Users/tommywu/Desktop/26暑期内容/iOS-source-review/DyldFixups/DerivedData-bindrepeated-auth/Build/Intermediates.noindex/DyldFixupsLab.build/Release-iphoneos/BindRepeatedPayload.build/Objects-normal/arm64/BindRepeatedPayload_vers.o

ScanDependencies /Users/tommywu/Desktop/26暑期内容/iOS-source-review/DyldFixups/DerivedData-bindrepeated-auth/Build/Intermediates.noindex/DyldFixupsLab.build/Release-iphoneos/BindProvider.build/Objects-normal/arm64/payload.o /Users/tommywu/Desktop/26暑期内容/iOS-source-review/DyldFixups/Generated/BindProvider/payload.c normal arm64 c com.apple.compilers.llvm.clang.1_0.compiler (in target 'BindProvider' from project 'DyldFixupsLab')
    cd /Users/tommywu/Desktop/26暑期内容/iOS-source-review/DyldFixups
    
    Using response file: /Users/tommywu/Desktop/26暑期内容/iOS-source-review/DyldFixups/DerivedData-bindrepeated-auth/Build/Intermediates.noindex/DyldFixupsLab.build/Release-iphoneos/BindProvider.build/Objects-normal/arm64/7187679823f38a2a940e0043cdf9d637-common-args.resp
    
    builtin-ScanDependencies -o /Users/tommywu/Desktop/26暑期内容/iOS-source-review/DyldFixups/DerivedData-bindrepeated-auth/Build/Intermediates.noindex/DyldFixupsLab.build/Release-iphoneos/BindProvider.build/Objects-normal/arm64/payload.o.scan -- /Applications/Xcode.app/Contents/Developer/Toolchains/XcodeDefault.xctoolchain/usr/bin/clang -x c -ivfsstatcache /Users/tommywu/Desktop/26暑期内容/iOS-source-review/DyldFixups/DerivedData-bindrepeated-auth/SDKStatCaches.noindex/iphoneos27.0-24A430-6c78b3cbc238196c85e1bf6c792c5915.sdkstatcache -target arm64-apple-ios15.0 -fmessage-length\=0 -fdiagnostics-show-note-include-stack -fmacro-backtrace-limit\=0 -fno-color-diagnostics -fmodules-prune-interval\=86400 -fmodules-prune-after\=345600 -fbuild-session-file\=/Users/tommywu/Desktop/26暑期内容/iOS-source-review/DyldFixups/DerivedData-bindrepeated-auth/ModuleCache.noindex/Session.modulevalidation -fmodules-validate-once-per-build-session -Wnon-modular-include-in-framework-module -Werror\=non-modular-include-in-framework-module -Wno-trigraphs -Wno-missing-field-initializers -Wno-missing-prototypes -Werror\=return-type -Wdocumentation -Wunreachable-code -Wquoted-include-in-framework-header -Werror\=deprecated-objc-isa-usage -Werror\=objc-root-class -Wno-missing-braces -Wparentheses -Wswitch -Wunused-function -Wno-unused-label -Wno-unused-parameter -Wunused-variable -Wunused-value -Wempty-body -Wuninitialized -Wconditional-uninitialized -Wno-unknown-pragmas -Wno-shadow -Wno-four-char-constants -Wno-conversion -Wconstant-conversion -Wint-conversion -Wbool-conversion -Wenum-conversion -Wno-float-conversion -Wnon-literal-null-conversion -Wobjc-literal-conversion -Wshorten-64-to-32 -Wpointer-sign -Wno-newline-eof -Wno-implicit-fallthrough -isysroot /Applications/Xcode.app/Contents/Developer/Platforms/iPhoneOS.platform/Developer/SDKs/iPhoneOS27.0.sdk -fstrict-aliasing -Wdeprecated-declarations -Wno-sign-conversion -Winfinite-recursion -Wcomma -Wblock-capture-autoreleasing -Wstrict-prototypes -Wno-semicolon-before-method-body -Wunguarded-availability @/Users/tommywu/Desktop/26暑期内容/iOS-source-review/DyldFixups/DerivedData-bindrepeated-auth/Build/Intermediates.noindex/DyldFixupsLab.build/Release-iphoneos/BindProvider.build/Objects-normal/arm64/7187679823f38a2a940e0043cdf9d637-common-args.resp -MMD -MT dependencies -MF /Users/tommywu/Desktop/26暑期内容/iOS-source-review/DyldFixups/DerivedData-bindrepeated-auth/Build/Intermediates.noindex/DyldFixupsLab.build/Release-iphoneos/BindProvider.build/Objects-normal/arm64/payload.d --serialize-diagnostics /Users/tommywu/Desktop/26暑期内容/iOS-source-review/DyldFixups/DerivedData-bindrepeated-auth/Build/Intermediates.noindex/DyldFixupsLab.build/Release-iphoneos/BindProvider.build/Objects-normal/arm64/payload.dia -c /Users/tommywu/Desktop/26暑期内容/iOS-source-review/DyldFixups/Generated/BindProvider/payload.c -o /Users/tommywu/Desktop/26暑期内容/iOS-source-review/DyldFixups/DerivedData-bindrepeated-auth/Build/Intermediates.noindex/DyldFixupsLab.build/Release-iphoneos/BindProvider.build/Objects-normal/arm64/payload.o

ScanDependencies /Users/tommywu/Desktop/26暑期内容/iOS-source-review/DyldFixups/DerivedData-bindrepeated-auth/Build/Intermediates.noindex/DyldFixupsLab.build/Release-iphoneos/BindProvider.build/Objects-normal/arm64/BindProvider_vers.o /Users/tommywu/Desktop/26暑期内容/iOS-source-review/DyldFixups/DerivedData-bindrepeated-auth/Build/Intermediates.noindex/DyldFixupsLab.build/Release-iphoneos/BindProvider.build/DerivedSources/BindProvider_vers.c normal arm64 c com.apple.compilers.llvm.clang.1_0.compiler (in target 'BindProvider' from project 'DyldFixupsLab')
    cd /Users/tommywu/Desktop/26暑期内容/iOS-source-review/DyldFixups
    
    Using response file: /Users/tommywu/Desktop/26暑期内容/iOS-source-review/DyldFixups/DerivedData-bindrepeated-auth/Build/Intermediates.noindex/DyldFixupsLab.build/Release-iphoneos/BindProvider.build/Objects-normal/arm64/7187679823f38a2a940e0043cdf9d637-common-args.resp
    
    builtin-ScanDependencies -o /Users/tommywu/Desktop/26暑期内容/iOS-source-review/DyldFixups/DerivedData-bindrepeated-auth/Build/Intermediates.noindex/DyldFixupsLab.build/Release-iphoneos/BindProvider.build/Objects-normal/arm64/BindProvider_vers.o.scan -- /Applications/Xcode.app/Contents/Developer/Toolchains/XcodeDefault.xctoolchain/usr/bin/clang -x c -ivfsstatcache /Users/tommywu/Desktop/26暑期内容/iOS-source-review/DyldFixups/DerivedData-bindrepeated-auth/SDKStatCaches.noindex/iphoneos27.0-24A430-6c78b3cbc238196c85e1bf6c792c5915.sdkstatcache -target arm64-apple-ios15.0 -fmessage-length\=0 -fdiagnostics-show-note-include-stack -fmacro-backtrace-limit\=0 -fno-color-diagnostics -fmodules-prune-interval\=86400 -fmodules-prune-after\=345600 -fbuild-session-file\=/Users/tommywu/Desktop/26暑期内容/iOS-source-review/DyldFixups/DerivedData-bindrepeated-auth/ModuleCache.noindex/Session.modulevalidation -fmodules-validate-once-per-build-session -Wnon-modular-include-in-framework-module -Werror\=non-modular-include-in-framework-module -Wno-trigraphs -Wno-missing-field-initializers -Wno-missing-prototypes -Werror\=return-type -Wdocumentation -Wunreachable-code -Wquoted-include-in-framework-header -Werror\=deprecated-objc-isa-usage -Werror\=objc-root-class -Wno-missing-braces -Wparentheses -Wswitch -Wunused-function -Wno-unused-label -Wno-unused-parameter -Wunused-variable -Wunused-value -Wempty-body -Wuninitialized -Wconditional-uninitialized -Wno-unknown-pragmas -Wno-shadow -Wno-four-char-constants -Wno-conversion -Wconstant-conversion -Wint-conversion -Wbool-conversion -Wenum-conversion -Wno-float-conversion -Wnon-literal-null-conversion -Wobjc-literal-conversion -Wshorten-64-to-32 -Wpointer-sign -Wno-newline-eof -Wno-implicit-fallthrough -isysroot /Applications/Xcode.app/Contents/Developer/Platforms/iPhoneOS.platform/Developer/SDKs/iPhoneOS27.0.sdk -fstrict-aliasing -Wdeprecated-declarations -Wno-sign-conversion -Winfinite-recursion -Wcomma -Wblock-capture-autoreleasing -Wstrict-prototypes -Wno-semicolon-before-method-body -Wunguarded-availability @/Users/tommywu/Desktop/26暑期内容/iOS-source-review/DyldFixups/DerivedData-bindrepeated-auth/Build/Intermediates.noindex/DyldFixupsLab.build/Release-iphoneos/BindProvider.build/Objects-normal/arm64/7187679823f38a2a940e0043cdf9d637-common-args.resp -MMD -MT dependencies -MF /Users/tommywu/Desktop/26暑期内容/iOS-source-review/DyldFixups/DerivedData-bindrepeated-auth/Build/Intermediates.noindex/DyldFixupsLab.build/Release-iphoneos/BindProvider.build/Objects-normal/arm64/BindProvider_vers.d --serialize-diagnostics /Users/tommywu/Desktop/26暑期内容/iOS-source-review/DyldFixups/DerivedData-bindrepeated-auth/Build/Intermediates.noindex/DyldFixupsLab.build/Release-iphoneos/BindProvider.build/Objects-normal/arm64/BindProvider_vers.dia -c /Users/tommywu/Desktop/26暑期内容/iOS-source-review/DyldFixups/DerivedData-bindrepeated-auth/Build/Intermediates.noindex/DyldFixupsLab.build/Release-iphoneos/BindProvider.build/DerivedSources/BindProvider_vers.c -o /Users/tommywu/Desktop/26暑期内容/iOS-source-review/DyldFixups/DerivedData-bindrepeated-auth/Build/Intermediates.noindex/DyldFixupsLab.build/Release-iphoneos/BindProvider.build/Objects-normal/arm64/BindProvider_vers.o

CompileC /Users/tommywu/Desktop/26暑期内容/iOS-source-review/DyldFixups/DerivedData-bindrepeated-auth/Build/Intermediates.noindex/DyldFixupsLab.build/Release-iphoneos/BindRepeatedPayload.build/Objects-normal/arm64/BindRepeatedPayload_vers.o /Users/tommywu/Desktop/26暑期内容/iOS-source-review/DyldFixups/DerivedData-bindrepeated-auth/Build/Intermediates.noindex/DyldFixupsLab.build/Release-iphoneos/BindRepeatedPayload.build/DerivedSources/BindRepeatedPayload_vers.c normal arm64 c com.apple.compilers.llvm.clang.1_0.compiler (in target 'BindRepeatedPayload' from project 'DyldFixupsLab')
    cd /Users/tommywu/Desktop/26暑期内容/iOS-source-review/DyldFixups
    
    Using response file: /Users/tommywu/Desktop/26暑期内容/iOS-source-review/DyldFixups/DerivedData-bindrepeated-auth/Build/Intermediates.noindex/DyldFixupsLab.build/Release-iphoneos/BindRepeatedPayload.build/Objects-normal/arm64/7187679823f38a2a940e0043cdf9d637-common-args.resp
    
    /Applications/Xcode.app/Contents/Developer/Toolchains/XcodeDefault.xctoolchain/usr/bin/clang -x c -ivfsstatcache /Users/tommywu/Desktop/26暑期内容/iOS-source-review/DyldFixups/DerivedData-bindrepeated-auth/SDKStatCaches.noindex/iphoneos27.0-24A430-6c78b3cbc238196c85e1bf6c792c5915.sdkstatcache -target arm64-apple-ios15.0 -fmessage-length\=0 -fdiagnostics-show-note-include-stack -fmacro-backtrace-limit\=0 -fno-color-diagnostics -fmodules-prune-interval\=86400 -fmodules-prune-after\=345600 -fbuild-session-file\=/Users/tommywu/Desktop/26暑期内容/iOS-source-review/DyldFixups/DerivedData-bindrepeated-auth/ModuleCache.noindex/Session.modulevalidation -fmodules-validate-once-per-build-session -Wnon-modular-include-in-framework-module -Werror\=non-modular-include-in-framework-module -Wno-trigraphs -Wno-missing-field-initializers -Wno-missing-prototypes -Werror\=return-type -Wdocumentation -Wunreachable-code -Wquoted-include-in-framework-header -Werror\=deprecated-objc-isa-usage -Werror\=objc-root-class -Wno-missing-braces -Wparentheses -Wswitch -Wunused-function -Wno-unused-label -Wno-unused-parameter -Wunused-variable -Wunused-value -Wempty-body -Wuninitialized -Wconditional-uninitialized -Wno-unknown-pragmas -Wno-shadow -Wno-four-char-constants -Wno-conversion -Wconstant-conversion -Wint-conversion -Wbool-conversion -Wenum-conversion -Wno-float-conversion -Wnon-literal-null-conversion -Wobjc-literal-conversion -Wshorten-64-to-32 -Wpointer-sign -Wno-newline-eof -Wno-implicit-fallthrough -isysroot /Applications/Xcode.app/Contents/Developer/Platforms/iPhoneOS.platform/Developer/SDKs/iPhoneOS27.0.sdk -fstrict-aliasing -Wdeprecated-declarations -Wno-sign-conversion -Winfinite-recursion -Wcomma -Wblock-capture-autoreleasing -Wstrict-prototypes -Wno-semicolon-before-method-body -Wunguarded-availability @/Users/tommywu/Desktop/26暑期内容/iOS-source-review/DyldFixups/DerivedData-bindrepeated-auth/Build/Intermediates.noindex/DyldFixupsLab.build/Release-iphoneos/BindRepeatedPayload.build/Objects-normal/arm64/7187679823f38a2a940e0043cdf9d637-common-args.resp -MMD -MT dependencies -MF /Users/tommywu/Desktop/26暑期内容/iOS-source-review/DyldFixups/DerivedData-bindrepeated-auth/Build/Intermediates.noindex/DyldFixupsLab.build/Release-iphoneos/BindRepeatedPayload.build/Objects-normal/arm64/BindRepeatedPayload_vers.d --serialize-diagnostics /Users/tommywu/Desktop/26暑期内容/iOS-source-review/DyldFixups/DerivedData-bindrepeated-auth/Build/Intermediates.noindex/DyldFixupsLab.build/Release-iphoneos/BindRepeatedPayload.build/Objects-normal/arm64/BindRepeatedPayload_vers.dia -c /Users/tommywu/Desktop/26暑期内容/iOS-source-review/DyldFixups/DerivedData-bindrepeated-auth/Build/Intermediates.noindex/DyldFixupsLab.build/Release-iphoneos/BindRepeatedPayload.build/DerivedSources/BindRepeatedPayload_vers.c -o /Users/tommywu/Desktop/26暑期内容/iOS-source-review/DyldFixups/DerivedData-bindrepeated-auth/Build/Intermediates.noindex/DyldFixupsLab.build/Release-iphoneos/BindRepeatedPayload.build/Objects-normal/arm64/BindRepeatedPayload_vers.o

CompileC /Users/tommywu/Desktop/26暑期内容/iOS-source-review/DyldFixups/DerivedData-bindrepeated-auth/Build/Intermediates.noindex/DyldFixupsLab.build/Release-iphoneos/BindProvider.build/Objects-normal/arm64/payload.o /Users/tommywu/Desktop/26暑期内容/iOS-source-review/DyldFixups/Generated/BindProvider/payload.c normal arm64 c com.apple.compilers.llvm.clang.1_0.compiler (in target 'BindProvider' from project 'DyldFixupsLab')
    cd /Users/tommywu/Desktop/26暑期内容/iOS-source-review/DyldFixups
    
    Using response file: /Users/tommywu/Desktop/26暑期内容/iOS-source-review/DyldFixups/DerivedData-bindrepeated-auth/Build/Intermediates.noindex/DyldFixupsLab.build/Release-iphoneos/BindProvider.build/Objects-normal/arm64/7187679823f38a2a940e0043cdf9d637-common-args.resp
    
    /Applications/Xcode.app/Contents/Developer/Toolchains/XcodeDefault.xctoolchain/usr/bin/clang -x c -ivfsstatcache /Users/tommywu/Desktop/26暑期内容/iOS-source-review/DyldFixups/DerivedData-bindrepeated-auth/SDKStatCaches.noindex/iphoneos27.0-24A430-6c78b3cbc238196c85e1bf6c792c5915.sdkstatcache -target arm64-apple-ios15.0 -fmessage-length\=0 -fdiagnostics-show-note-include-stack -fmacro-backtrace-limit\=0 -fno-color-diagnostics -fmodules-prune-interval\=86400 -fmodules-prune-after\=345600 -fbuild-session-file\=/Users/tommywu/Desktop/26暑期内容/iOS-source-review/DyldFixups/DerivedData-bindrepeated-auth/ModuleCache.noindex/Session.modulevalidation -fmodules-validate-once-per-build-session -Wnon-modular-include-in-framework-module -Werror\=non-modular-include-in-framework-module -Wno-trigraphs -Wno-missing-field-initializers -Wno-missing-prototypes -Werror\=return-type -Wdocumentation -Wunreachable-code -Wquoted-include-in-framework-header -Werror\=deprecated-objc-isa-usage -Werror\=objc-root-class -Wno-missing-braces -Wparentheses -Wswitch -Wunused-function -Wno-unused-label -Wno-unused-parameter -Wunused-variable -Wunused-value -Wempty-body -Wuninitialized -Wconditional-uninitialized -Wno-unknown-pragmas -Wno-shadow -Wno-four-char-constants -Wno-conversion -Wconstant-conversion -Wint-conversion -Wbool-conversion -Wenum-conversion -Wno-float-conversion -Wnon-literal-null-conversion -Wobjc-literal-conversion -Wshorten-64-to-32 -Wpointer-sign -Wno-newline-eof -Wno-implicit-fallthrough -isysroot /Applications/Xcode.app/Contents/Developer/Platforms/iPhoneOS.platform/Developer/SDKs/iPhoneOS27.0.sdk -fstrict-aliasing -Wdeprecated-declarations -Wno-sign-conversion -Winfinite-recursion -Wcomma -Wblock-capture-autoreleasing -Wstrict-prototypes -Wno-semicolon-before-method-body -Wunguarded-availability @/Users/tommywu/Desktop/26暑期内容/iOS-source-review/DyldFixups/DerivedData-bindrepeated-auth/Build/Intermediates.noindex/DyldFixupsLab.build/Release-iphoneos/BindProvider.build/Objects-normal/arm64/7187679823f38a2a940e0043cdf9d637-common-args.resp -MMD -MT dependencies -MF /Users/tommywu/Desktop/26暑期内容/iOS-source-review/DyldFixups/DerivedData-bindrepeated-auth/Build/Intermediates.noindex/DyldFixupsLab.build/Release-iphoneos/BindProvider.build/Objects-normal/arm64/payload.d --serialize-diagnostics /Users/tommywu/Desktop/26暑期内容/iOS-source-review/DyldFixups/DerivedData-bindrepeated-auth/Build/Intermediates.noindex/DyldFixupsLab.build/Release-iphoneos/BindProvider.build/Objects-normal/arm64/payload.dia -c /Users/tommywu/Desktop/26暑期内容/iOS-source-review/DyldFixups/Generated/BindProvider/payload.c -o /Users/tommywu/Desktop/26暑期内容/iOS-source-review/DyldFixups/DerivedData-bindrepeated-auth/Build/Intermediates.noindex/DyldFixupsLab.build/Release-iphoneos/BindProvider.build/Objects-normal/arm64/payload.o

CompileC /Users/tommywu/Desktop/26暑期内容/iOS-source-review/DyldFixups/DerivedData-bindrepeated-auth/Build/Intermediates.noindex/DyldFixupsLab.build/Release-iphoneos/BindProvider.build/Objects-normal/arm64/BindProvider_vers.o /Users/tommywu/Desktop/26暑期内容/iOS-source-review/DyldFixups/DerivedData-bindrepeated-auth/Build/Intermediates.noindex/DyldFixupsLab.build/Release-iphoneos/BindProvider.build/DerivedSources/BindProvider_vers.c normal arm64 c com.apple.compilers.llvm.clang.1_0.compiler (in target 'BindProvider' from project 'DyldFixupsLab')
    cd /Users/tommywu/Desktop/26暑期内容/iOS-source-review/DyldFixups
    
    Using response file: /Users/tommywu/Desktop/26暑期内容/iOS-source-review/DyldFixups/DerivedData-bindrepeated-auth/Build/Intermediates.noindex/DyldFixupsLab.build/Release-iphoneos/BindProvider.build/Objects-normal/arm64/7187679823f38a2a940e0043cdf9d637-common-args.resp
    
    /Applications/Xcode.app/Contents/Developer/Toolchains/XcodeDefault.xctoolchain/usr/bin/clang -x c -ivfsstatcache /Users/tommywu/Desktop/26暑期内容/iOS-source-review/DyldFixups/DerivedData-bindrepeated-auth/SDKStatCaches.noindex/iphoneos27.0-24A430-6c78b3cbc238196c85e1bf6c792c5915.sdkstatcache -target arm64-apple-ios15.0 -fmessage-length\=0 -fdiagnostics-show-note-include-stack -fmacro-backtrace-limit\=0 -fno-color-diagnostics -fmodules-prune-interval\=86400 -fmodules-prune-after\=345600 -fbuild-session-file\=/Users/tommywu/Desktop/26暑期内容/iOS-source-review/DyldFixups/DerivedData-bindrepeated-auth/ModuleCache.noindex/Session.modulevalidation -fmodules-validate-once-per-build-session -Wnon-modular-include-in-framework-module -Werror\=non-modular-include-in-framework-module -Wno-trigraphs -Wno-missing-field-initializers -Wno-missing-prototypes -Werror\=return-type -Wdocumentation -Wunreachable-code -Wquoted-include-in-framework-header -Werror\=deprecated-objc-isa-usage -Werror\=objc-root-class -Wno-missing-braces -Wparentheses -Wswitch -Wunused-function -Wno-unused-label -Wno-unused-parameter -Wunused-variable -Wunused-value -Wempty-body -Wuninitialized -Wconditional-uninitialized -Wno-unknown-pragmas -Wno-shadow -Wno-four-char-constants -Wno-conversion -Wconstant-conversion -Wint-conversion -Wbool-conversion -Wenum-conversion -Wno-float-conversion -Wnon-literal-null-conversion -Wobjc-literal-conversion -Wshorten-64-to-32 -Wpointer-sign -Wno-newline-eof -Wno-implicit-fallthrough -isysroot /Applications/Xcode.app/Contents/Developer/Platforms/iPhoneOS.platform/Developer/SDKs/iPhoneOS27.0.sdk -fstrict-aliasing -Wdeprecated-declarations -Wno-sign-conversion -Winfinite-recursion -Wcomma -Wblock-capture-autoreleasing -Wstrict-prototypes -Wno-semicolon-before-method-body -Wunguarded-availability @/Users/tommywu/Desktop/26暑期内容/iOS-source-review/DyldFixups/DerivedData-bindrepeated-auth/Build/Intermediates.noindex/DyldFixupsLab.build/Release-iphoneos/BindProvider.build/Objects-normal/arm64/7187679823f38a2a940e0043cdf9d637-common-args.resp -MMD -MT dependencies -MF /Users/tommywu/Desktop/26暑期内容/iOS-source-review/DyldFixups/DerivedData-bindrepeated-auth/Build/Intermediates.noindex/DyldFixupsLab.build/Release-iphoneos/BindProvider.build/Objects-normal/arm64/BindProvider_vers.d --serialize-diagnostics /Users/tommywu/Desktop/26暑期内容/iOS-source-review/DyldFixups/DerivedData-bindrepeated-auth/Build/Intermediates.noindex/DyldFixupsLab.build/Release-iphoneos/BindProvider.build/Objects-normal/arm64/BindProvider_vers.dia -c /Users/tommywu/Desktop/26暑期内容/iOS-source-review/DyldFixups/DerivedData-bindrepeated-auth/Build/Intermediates.noindex/DyldFixupsLab.build/Release-iphoneos/BindProvider.build/DerivedSources/BindProvider_vers.c -o /Users/tommywu/Desktop/26暑期内容/iOS-source-review/DyldFixups/DerivedData-bindrepeated-auth/Build/Intermediates.noindex/DyldFixupsLab.build/Release-iphoneos/BindProvider.build/Objects-normal/arm64/BindProvider_vers.o

PrecompileModule /Users/tommywu/Desktop/26暑期内容/iOS-source-review/DyldFixups/DerivedData-bindrepeated-auth/Build/Intermediates.noindex/ExplicitPrecompiledModules/_Builtin_stddef-3DTC6PBK3NFAAJ4WDYOFQR7K8.scan
    cd /
    builtin-precompileModule /Users/tommywu/Desktop/26暑期内容/iOS-source-review/DyldFixups/DerivedData-bindrepeated-auth/Build/Intermediates.noindex/ExplicitPrecompiledModules/_Builtin_stddef-3DTC6PBK3NFAAJ4WDYOFQR7K8.scan

CompileC /Users/tommywu/Desktop/26暑期内容/iOS-source-review/DyldFixups/DerivedData-bindrepeated-auth/Build/Intermediates.noindex/DyldFixupsLab.build/Release-iphoneos/BindRepeatedPayload.build/Objects-normal/arm64/payload.o /Users/tommywu/Desktop/26暑期内容/iOS-source-review/DyldFixups/Generated/BindRepeated/payload.c normal arm64 c com.apple.compilers.llvm.clang.1_0.compiler (in target 'BindRepeatedPayload' from project 'DyldFixupsLab')
    cd /Users/tommywu/Desktop/26暑期内容/iOS-source-review/DyldFixups
    
    Using response file: /Users/tommywu/Desktop/26暑期内容/iOS-source-review/DyldFixups/DerivedData-bindrepeated-auth/Build/Intermediates.noindex/DyldFixupsLab.build/Release-iphoneos/BindRepeatedPayload.build/Objects-normal/arm64/7187679823f38a2a940e0043cdf9d637-common-args.resp
    
    /Applications/Xcode.app/Contents/Developer/Toolchains/XcodeDefault.xctoolchain/usr/bin/clang -x c -ivfsstatcache /Users/tommywu/Desktop/26暑期内容/iOS-source-review/DyldFixups/DerivedData-bindrepeated-auth/SDKStatCaches.noindex/iphoneos27.0-24A430-6c78b3cbc238196c85e1bf6c792c5915.sdkstatcache -target arm64-apple-ios15.0 -fmessage-length\=0 -fdiagnostics-show-note-include-stack -fmacro-backtrace-limit\=0 -fno-color-diagnostics -fmodules-prune-interval\=86400 -fmodules-prune-after\=345600 -fbuild-session-file\=/Users/tommywu/Desktop/26暑期内容/iOS-source-review/DyldFixups/DerivedData-bindrepeated-auth/ModuleCache.noindex/Session.modulevalidation -fmodules-validate-once-per-build-session -Wnon-modular-include-in-framework-module -Werror\=non-modular-include-in-framework-module -Wno-trigraphs -Wno-missing-field-initializers -Wno-missing-prototypes -Werror\=return-type -Wdocumentation -Wunreachable-code -Wquoted-include-in-framework-header -Werror\=deprecated-objc-isa-usage -Werror\=objc-root-class -Wno-missing-braces -Wparentheses -Wswitch -Wunused-function -Wno-unused-label -Wno-unused-parameter -Wunused-variable -Wunused-value -Wempty-body -Wuninitialized -Wconditional-uninitialized -Wno-unknown-pragmas -Wno-shadow -Wno-four-char-constants -Wno-conversion -Wconstant-conversion -Wint-conversion -Wbool-conversion -Wenum-conversion -Wno-float-conversion -Wnon-literal-null-conversion -Wobjc-literal-conversion -Wshorten-64-to-32 -Wpointer-sign -Wno-newline-eof -Wno-implicit-fallthrough -isysroot /Applications/Xcode.app/Contents/Developer/Platforms/iPhoneOS.platform/Developer/SDKs/iPhoneOS27.0.sdk -fstrict-aliasing -Wdeprecated-declarations -Wno-sign-conversion -Winfinite-recursion -Wcomma -Wblock-capture-autoreleasing -Wstrict-prototypes -Wno-semicolon-before-method-body -Wunguarded-availability @/Users/tommywu/Desktop/26暑期内容/iOS-source-review/DyldFixups/DerivedData-bindrepeated-auth/Build/Intermediates.noindex/DyldFixupsLab.build/Release-iphoneos/BindRepeatedPayload.build/Objects-normal/arm64/7187679823f38a2a940e0043cdf9d637-common-args.resp -MMD -MT dependencies -MF /Users/tommywu/Desktop/26暑期内容/iOS-source-review/DyldFixups/DerivedData-bindrepeated-auth/Build/Intermediates.noindex/DyldFixupsLab.build/Release-iphoneos/BindRepeatedPayload.build/Objects-normal/arm64/payload.d --serialize-diagnostics /Users/tommywu/Desktop/26暑期内容/iOS-source-review/DyldFixups/DerivedData-bindrepeated-auth/Build/Intermediates.noindex/DyldFixupsLab.build/Release-iphoneos/BindRepeatedPayload.build/Objects-normal/arm64/payload.dia -c /Users/tommywu/Desktop/26暑期内容/iOS-source-review/DyldFixups/Generated/BindRepeated/payload.c -o /Users/tommywu/Desktop/26暑期内容/iOS-source-review/DyldFixups/DerivedData-bindrepeated-auth/Build/Intermediates.noindex/DyldFixupsLab.build/Release-iphoneos/BindRepeatedPayload.build/Objects-normal/arm64/payload.o

PrecompileModule /Users/tommywu/Desktop/26暑期内容/iOS-source-review/DyldFixups/DerivedData-bindrepeated-auth/Build/Intermediates.noindex/ExplicitPrecompiledModules/_Builtin_stddef-4BXOEVICNEB215E33TBI2RXUY.scan
    cd /
    builtin-precompileModule /Users/tommywu/Desktop/26暑期内容/iOS-source-review/DyldFixups/DerivedData-bindrepeated-auth/Build/Intermediates.noindex/ExplicitPrecompiledModules/_Builtin_stddef-4BXOEVICNEB215E33TBI2RXUY.scan

PrecompileModule /Users/tommywu/Desktop/26暑期内容/iOS-source-review/DyldFixups/DerivedData-bindrepeated-auth/Build/Intermediates.noindex/ExplicitPrecompiledModules/ptrcheck-8C0YEHL1J4ZW1TESW383FQBNQ.scan
    cd /
    builtin-precompileModule /Users/tommywu/Desktop/26暑期内容/iOS-source-review/DyldFixups/DerivedData-bindrepeated-auth/Build/Intermediates.noindex/ExplicitPrecompiledModules/ptrcheck-8C0YEHL1J4ZW1TESW383FQBNQ.scan

PrecompileModule /Users/tommywu/Desktop/26暑期内容/iOS-source-review/DyldFixups/DerivedData-bindrepeated-auth/Build/Intermediates.noindex/ExplicitPrecompiledModules/_AvailabilityInternal-1OA6LQCS7CB92ARTCUG4YI6F0.scan
    cd /
    builtin-precompileModule /Users/tommywu/Desktop/26暑期内容/iOS-source-review/DyldFixups/DerivedData-bindrepeated-auth/Build/Intermediates.noindex/ExplicitPrecompiledModules/_AvailabilityInternal-1OA6LQCS7CB92ARTCUG4YI6F0.scan

PrecompileModule /Users/tommywu/Desktop/26暑期内容/iOS-source-review/DyldFixups/DerivedData-bindrepeated-auth/Build/Intermediates.noindex/ExplicitPrecompiledModules/_Builtin_stdbool-CA3Z2TYR20GAPRQK3CJ34Z11A.scan
    cd /
    builtin-precompileModule /Users/tommywu/Desktop/26暑期内容/iOS-source-review/DyldFixups/DerivedData-bindrepeated-auth/Build/Intermediates.noindex/ExplicitPrecompiledModules/_Builtin_stdbool-CA3Z2TYR20GAPRQK3CJ34Z11A.scan

PrecompileModule /Users/tommywu/Desktop/26暑期内容/iOS-source-review/DyldFixups/DerivedData-bindrepeated-auth/Build/Intermediates.noindex/ExplicitPrecompiledModules/_Builtin_float-8YQKS8HAMY2ZXR7S4RZ0JIG0N.scan
    cd /
    builtin-precompileModule /Users/tommywu/Desktop/26暑期内容/iOS-source-review/DyldFixups/DerivedData-bindrepeated-auth/Build/Intermediates.noindex/ExplicitPrecompiledModules/_Builtin_float-8YQKS8HAMY2ZXR7S4RZ0JIG0N.scan

PrecompileModule /Users/tommywu/Desktop/26暑期内容/iOS-source-review/DyldFixups/DerivedData-bindrepeated-auth/Build/Intermediates.noindex/ExplicitPrecompiledModules/_Builtin_stdarg-4JEH9I6GB355H29NJKK8TE7MU.scan
    cd /
    builtin-precompileModule /Users/tommywu/Desktop/26暑期内容/iOS-source-review/DyldFixups/DerivedData-bindrepeated-auth/Build/Intermediates.noindex/ExplicitPrecompiledModules/_Builtin_stdarg-4JEH9I6GB355H29NJKK8TE7MU.scan

PrecompileModule /Users/tommywu/Desktop/26暑期内容/iOS-source-review/DyldFixups/DerivedData-bindrepeated-auth/Build/Intermediates.noindex/ExplicitPrecompiledModules/_DarwinFoundation1-9HXEU0347FYQLBAVITNNBLFXT.scan
    cd /
    builtin-precompileModule /Users/tommywu/Desktop/26暑期内容/iOS-source-review/DyldFixups/DerivedData-bindrepeated-auth/Build/Intermediates.noindex/ExplicitPrecompiledModules/_DarwinFoundation1-9HXEU0347FYQLBAVITNNBLFXT.scan

PrecompileModule /Users/tommywu/Desktop/26暑期内容/iOS-source-review/DyldFixups/DerivedData-bindrepeated-auth/Build/Intermediates.noindex/ExplicitPrecompiledModules/_Builtin_limits-1I3GMMQQRZ68X9YKMB3HTNE05.scan
    cd /
    builtin-precompileModule /Users/tommywu/Desktop/26暑期内容/iOS-source-review/DyldFixups/DerivedData-bindrepeated-auth/Build/Intermediates.noindex/ExplicitPrecompiledModules/_Builtin_limits-1I3GMMQQRZ68X9YKMB3HTNE05.scan

PrecompileModule /Users/tommywu/Desktop/26暑期内容/iOS-source-review/DyldFixups/DerivedData-bindrepeated-auth/Build/Intermediates.noindex/ExplicitPrecompiledModules/_DarwinFoundation2-1T0YDOE8VO03HXVHI8M05SXHK.scan
    cd /
    builtin-precompileModule /Users/tommywu/Desktop/26暑期内容/iOS-source-review/DyldFixups/DerivedData-bindrepeated-auth/Build/Intermediates.noindex/ExplicitPrecompiledModules/_DarwinFoundation2-1T0YDOE8VO03HXVHI8M05SXHK.scan

PrecompileModule /Users/tommywu/Desktop/26暑期内容/iOS-source-review/DyldFixups/DerivedData-bindrepeated-auth/Build/Intermediates.noindex/ExplicitPrecompiledModules/_Builtin_stdint-DKD78VBSFDBH042BGIYMJTCO.scan
    cd /
    builtin-precompileModule /Users/tommywu/Desktop/26暑期内容/iOS-source-review/DyldFixups/DerivedData-bindrepeated-auth/Build/Intermediates.noindex/ExplicitPrecompiledModules/_Builtin_stdint-DKD78VBSFDBH042BGIYMJTCO.scan

PrecompileModule /Users/tommywu/Desktop/26暑期内容/iOS-source-review/DyldFixups/DerivedData-bindrepeated-auth/Build/Intermediates.noindex/ExplicitPrecompiledModules/_DarwinFoundation3-5OHRMRQQCXT32LIMDITPRX45W.scan
    cd /
    builtin-precompileModule /Users/tommywu/Desktop/26暑期内容/iOS-source-review/DyldFixups/DerivedData-bindrepeated-auth/Build/Intermediates.noindex/ExplicitPrecompiledModules/_DarwinFoundation3-5OHRMRQQCXT32LIMDITPRX45W.scan

PrecompileModule /Users/tommywu/Desktop/26暑期内容/iOS-source-review/DyldFixups/DerivedData-bindrepeated-auth/Build/Intermediates.noindex/ExplicitPrecompiledModules/_Builtin_inttypes-EFVUPJZ6WPLSPQC87H8R51OBH.scan
    cd /
    builtin-precompileModule /Users/tommywu/Desktop/26暑期内容/iOS-source-review/DyldFixups/DerivedData-bindrepeated-auth/Build/Intermediates.noindex/ExplicitPrecompiledModules/_Builtin_inttypes-EFVUPJZ6WPLSPQC87H8R51OBH.scan

PrecompileModule /Users/tommywu/Desktop/26暑期内容/iOS-source-review/DyldFixups/DerivedData-bindrepeated-auth/Build/Intermediates.noindex/ExplicitPrecompiledModules/Darwin-F1MHFQJHAD9E4W0MVLUC1K4U.scan
    cd /
    builtin-precompileModule /Users/tommywu/Desktop/26暑期内容/iOS-source-review/DyldFixups/DerivedData-bindrepeated-auth/Build/Intermediates.noindex/ExplicitPrecompiledModules/Darwin-F1MHFQJHAD9E4W0MVLUC1K4U.scan

CompileC /Users/tommywu/Desktop/26暑期内容/iOS-source-review/DyldFixups/DerivedData-bindrepeated-auth/Build/Intermediates.noindex/DyldFixupsLab.build/Release-iphoneos/BindRepeated.build/Objects-normal/arm64/main.o /Users/tommywu/Desktop/26暑期内容/iOS-source-review/DyldFixups/Sources/main.m normal arm64 objective-c com.apple.compilers.llvm.clang.1_0.compiler (in target 'BindRepeated' from project 'DyldFixupsLab')
    cd /Users/tommywu/Desktop/26暑期内容/iOS-source-review/DyldFixups
    
    Using response file: /Users/tommywu/Desktop/26暑期内容/iOS-source-review/DyldFixups/DerivedData-bindrepeated-auth/Build/Intermediates.noindex/DyldFixupsLab.build/Release-iphoneos/BindRepeated.build/Objects-normal/arm64/e6072d4f65d7061329687fe24e3d63a7-common-args.resp
    
    /Applications/Xcode.app/Contents/Developer/Toolchains/XcodeDefault.xctoolchain/usr/bin/clang -x objective-c -ivfsstatcache /Users/tommywu/Desktop/26暑期内容/iOS-source-review/DyldFixups/DerivedData-bindrepeated-auth/SDKStatCaches.noindex/iphoneos27.0-24A430-6c78b3cbc238196c85e1bf6c792c5915.sdkstatcache -target arm64-apple-ios15.0 -fmessage-length\=0 -fdiagnostics-show-note-include-stack -fmacro-backtrace-limit\=0 -fno-color-diagnostics -fmodules-prune-interval\=86400 -fmodules-prune-after\=345600 -fbuild-session-file\=/Users/tommywu/Desktop/26暑期内容/iOS-source-review/DyldFixups/DerivedData-bindrepeated-auth/ModuleCache.noindex/Session.modulevalidation -fmodules-validate-once-per-build-session -Wnon-modular-include-in-framework-module -Werror\=non-modular-include-in-framework-module -Wno-trigraphs -Wno-missing-field-initializers -Wno-missing-prototypes -Werror\=return-type -Wdocumentation -Wunreachable-code -Wquoted-include-in-framework-header -Wno-implicit-atomic-properties -Werror\=deprecated-objc-isa-usage -Wno-objc-interface-ivars -Werror\=objc-root-class -Wno-arc-repeated-use-of-weak -Wimplicit-retain-self -Wduplicate-method-match -Wno-missing-braces -Wparentheses -Wswitch -Wunused-function -Wno-unused-label -Wno-unused-parameter -Wunused-variable -Wunused-value -Wempty-body -Wuninitialized -Wconditional-uninitialized -Wno-unknown-pragmas -Wno-shadow -Wno-four-char-constants -Wno-conversion -Wconstant-conversion -Wint-conversion -Wbool-conversion -Wenum-conversion -Wno-float-conversion -Wnon-literal-null-conversion -Wobjc-literal-conversion -Wshorten-64-to-32 -Wpointer-sign -Wno-newline-eof -Wno-selector -Wno-strict-selector-match -Wundeclared-selector -Wdeprecated-implementations -Wno-implicit-fallthrough -isysroot /Applications/Xcode.app/Contents/Developer/Platforms/iPhoneOS.platform/Developer/SDKs/iPhoneOS27.0.sdk -fstrict-aliasing -Wprotocol -Wdeprecated-declarations -Wno-sign-conversion -Winfinite-recursion -Wcomma -Wblock-capture-autoreleasing -Wstrict-prototypes -Wno-semicolon-before-method-body -Wunguarded-availability @/Users/tommywu/Desktop/26暑期内容/iOS-source-review/DyldFixups/DerivedData-bindrepeated-auth/Build/Intermediates.noindex/DyldFixupsLab.build/Release-iphoneos/BindRepeated.build/Objects-normal/arm64/e6072d4f65d7061329687fe24e3d63a7-common-args.resp -MMD -MT dependencies -MF /Users/tommywu/Desktop/26暑期内容/iOS-source-review/DyldFixups/DerivedData-bindrepeated-auth/Build/Intermediates.noindex/DyldFixupsLab.build/Release-iphoneos/BindRepeated.build/Objects-normal/arm64/main.d --serialize-diagnostics /Users/tommywu/Desktop/26暑期内容/iOS-source-review/DyldFixups/DerivedData-bindrepeated-auth/Build/Intermediates.noindex/DyldFixupsLab.build/Release-iphoneos/BindRepeated.build/Objects-normal/arm64/main.dia -c /Users/tommywu/Desktop/26暑期内容/iOS-source-review/DyldFixups/Sources/main.m -o /Users/tommywu/Desktop/26暑期内容/iOS-source-review/DyldFixups/DerivedData-bindrepeated-auth/Build/Intermediates.noindex/DyldFixupsLab.build/Release-iphoneos/BindRepeated.build/Objects-normal/arm64/main.o

Ld /Users/tommywu/Desktop/26暑期内容/iOS-source-review/DyldFixups/DerivedData-bindrepeated-auth/Build/Products/Release-iphoneos/BindProvider.framework/BindProvider normal (in target 'BindProvider' from project 'DyldFixupsLab')
    cd /Users/tommywu/Desktop/26暑期内容/iOS-source-review/DyldFixups
    /Applications/Xcode.app/Contents/Developer/Toolchains/XcodeDefault.xctoolchain/usr/bin/clang -Xlinker -reproducible -target arm64-apple-ios15.0 -dynamiclib -isysroot /Applications/Xcode.app/Contents/Developer/Platforms/iPhoneOS.platform/Developer/SDKs/iPhoneOS27.0.sdk -Os -Xlinker -no_warn_duplicate_libraries -L/Users/tommywu/Desktop/26暑期内容/iOS-source-review/DyldFixups/DerivedData-bindrepeated-auth/Build/Intermediates.noindex/EagerLinkingTBDs/Release-iphoneos -L/Users/tommywu/Desktop/26暑期内容/iOS-source-review/DyldFixups/DerivedData-bindrepeated-auth/Build/Products/Release-iphoneos -F/Users/tommywu/Desktop/26暑期内容/iOS-source-review/DyldFixups/DerivedData-bindrepeated-auth/Build/Intermediates.noindex/EagerLinkingTBDs/Release-iphoneos -F/Users/tommywu/Desktop/26暑期内容/iOS-source-review/DyldFixups/DerivedData-bindrepeated-auth/Build/Products/Release-iphoneos -filelist /Users/tommywu/Desktop/26暑期内容/iOS-source-review/DyldFixups/DerivedData-bindrepeated-auth/Build/Intermediates.noindex/DyldFixupsLab.build/Release-iphoneos/BindProvider.build/Objects-normal/arm64/BindProvider.LinkFileList -install_name @rpath/BindProvider.framework/BindProvider -Xlinker -rpath -Xlinker @executable_path/Frameworks -Xlinker -dead_strip -Xlinker -object_path_lto -Xlinker /Users/tommywu/Desktop/26暑期内容/iOS-source-review/DyldFixups/DerivedData-bindrepeated-auth/Build/Intermediates.noindex/DyldFixupsLab.build/Release-iphoneos/BindProvider.build/Objects-normal/arm64/BindProvider_lto.o -Xlinker -dependency_info -Xlinker /Users/tommywu/Desktop/26暑期内容/iOS-source-review/DyldFixups/DerivedData-bindrepeated-auth/Build/Intermediates.noindex/DyldFixupsLab.build/Release-iphoneos/BindProvider.build/Objects-normal/arm64/BindProvider_dependency_info.dat -compatibility_version 1 -current_version 1 -o /Users/tommywu/Desktop/26暑期内容/iOS-source-review/DyldFixups/DerivedData-bindrepeated-auth/Build/Products/Release-iphoneos/BindProvider.framework/BindProvider

GenerateDSYMFile /Users/tommywu/Desktop/26暑期内容/iOS-source-review/DyldFixups/DerivedData-bindrepeated-auth/Build/Products/Release-iphoneos/BindProvider.framework.dSYM /Users/tommywu/Desktop/26暑期内容/iOS-source-review/DyldFixups/DerivedData-bindrepeated-auth/Build/Products/Release-iphoneos/BindProvider.framework/BindProvider (in target 'BindProvider' from project 'DyldFixupsLab')
    cd /Users/tommywu/Desktop/26暑期内容/iOS-source-review/DyldFixups
    export PATH\=/Applications/Xcode.app/Contents/SharedFrameworks/SwiftBuild.framework/Versions/A/PlugIns/SWBBuildService.bundle/Contents/PlugIns/SWBUniversalPlatformPlugin.bundle/Contents/Frameworks/SWBUniversalPlatform.framework/Resources:/Applications/Xcode.app/Contents/Developer/Toolchains/XcodeDefault.xctoolchain/usr/bin:/Applications/Xcode.app/Contents/Developer/Toolchains/XcodeDefault.xctoolchain/usr/local/bin:/Applications/Xcode.app/Contents/Developer/Toolchains/XcodeDefault.xctoolchain/usr/libexec:/Applications/Xcode.app/Contents/Developer/Platforms/iPhoneOS.platform/usr/bin:/Applications/Xcode.app/Contents/Developer/Platforms/iPhoneOS.platform/usr/local/bin:/Applications/Xcode.app/Contents/Developer/Platforms/iPhoneOS.platform/Developer/usr/bin:/Applications/Xcode.app/Contents/Developer/Platforms/iPhoneOS.platform/Developer/usr/local/bin:/Applications/Xcode.app/Contents/Developer/usr/bin:/Applications/Xcode.app/Contents/Developer/usr/local/bin:/Users/tommywu/miniconda3/bin:/Users/tommywu/.hermes/hermes-agent/venv/bin:/Users/tommywu/.local/bin:/Users/tommywu/.bun/bin:/Users/tommywu/.pyenv/shims:/Users/tommywu/.nvm/versions/node/v20.19.6/bin:/opt/homebrew/bin:/opt/homebrew/sbin:/usr/local/bin:/System/Cryptexes/App/usr/bin:/usr/bin:/bin:/usr/sbin:/sbin:/var/run/com.apple.security.cryptexd/codex.system/bootstrap/usr/local/bin:/var/run/com.apple.security.cryptexd/codex.system/bootstrap/usr/bin:/var/run/com.apple.security.cryptexd/codex.system/bootstrap/usr/appleinternal/bin:/pkg/env/global/bin:/Library/Apple/usr/bin:/Applications/Wireshark.app/Contents/MacOS:/private/var/folders/qw/3___bn4n2vn83fx2gq2ycrn00000gn/T/AppTranslocation/6C3DC45D-069B-460F-AC92-736BF6981801/d/Prowl.app/Contents/MacOS:/Users/tommywu/.orbstack/bin:/Users/tommywu/.rvm/bin
    /Applications/Xcode.app/Contents/Developer/Toolchains/XcodeDefault.xctoolchain/usr/bin/dsymutil /Users/tommywu/Desktop/26暑期内容/iOS-source-review/DyldFixups/DerivedData-bindrepeated-auth/Build/Products/Release-iphoneos/BindProvider.framework/BindProvider -o /Users/tommywu/Desktop/26暑期内容/iOS-source-review/DyldFixups/DerivedData-bindrepeated-auth/Build/Products/Release-iphoneos/BindProvider.framework.dSYM

GenerateTAPI /Users/tommywu/Desktop/26暑期内容/iOS-source-review/DyldFixups/DerivedData-bindrepeated-auth/Build/Intermediates.noindex/EagerLinkingTBDs/Release-iphoneos/BindProvider.framework/BindProvider.tbd (in target 'BindProvider' from project 'DyldFixupsLab')
    cd /Users/tommywu/Desktop/26暑期内容/iOS-source-review/DyldFixups
    /Applications/Xcode.app/Contents/Developer/Toolchains/XcodeDefault.xctoolchain/usr/bin/tapi stubify -isysroot /Applications/Xcode.app/Contents/Developer/Platforms/iPhoneOS.platform/Developer/SDKs/iPhoneOS27.0.sdk -F/Users/tommywu/Desktop/26暑期内容/iOS-source-review/DyldFixups/DerivedData-bindrepeated-auth/Build/Products/Release-iphoneos -L/Users/tommywu/Desktop/26暑期内容/iOS-source-review/DyldFixups/DerivedData-bindrepeated-auth/Build/Products/Release-iphoneos /Users/tommywu/Desktop/26暑期内容/iOS-source-review/DyldFixups/DerivedData-bindrepeated-auth/Build/Products/Release-iphoneos/BindProvider.framework/BindProvider -o /Users/tommywu/Desktop/26暑期内容/iOS-source-review/DyldFixups/DerivedData-bindrepeated-auth/Build/Intermediates.noindex/EagerLinkingTBDs/Release-iphoneos/BindProvider.framework/BindProvider.tbd

RegisterExecutionPolicyException /Users/tommywu/Desktop/26暑期内容/iOS-source-review/DyldFixups/DerivedData-bindrepeated-auth/Build/Products/Release-iphoneos/BindProvider.framework (in target 'BindProvider' from project 'DyldFixupsLab')
    cd /Users/tommywu/Desktop/26暑期内容/iOS-source-review/DyldFixups
    builtin-RegisterExecutionPolicyException /Users/tommywu/Desktop/26暑期内容/iOS-source-review/DyldFixups/DerivedData-bindrepeated-auth/Build/Products/Release-iphoneos/BindProvider.framework

Touch /Users/tommywu/Desktop/26暑期内容/iOS-source-review/DyldFixups/DerivedData-bindrepeated-auth/Build/Products/Release-iphoneos/BindProvider.framework (in target 'BindProvider' from project 'DyldFixupsLab')
    cd /Users/tommywu/Desktop/26暑期内容/iOS-source-review/DyldFixups
    /usr/bin/touch -c /Users/tommywu/Desktop/26暑期内容/iOS-source-review/DyldFixups/DerivedData-bindrepeated-auth/Build/Products/Release-iphoneos/BindProvider.framework

ProcessInfoPlistFile /Users/tommywu/Desktop/26暑期内容/iOS-source-review/DyldFixups/DerivedData-bindrepeated-auth/Build/Products/Release-iphoneos/BindRepeatedPayload.framework/Info.plist /Users/tommywu/Desktop/26暑期内容/iOS-source-review/DyldFixups/DerivedData-bindrepeated-auth/Build/Intermediates.noindex/DyldFixupsLab.build/Release-iphoneos/BindRepeatedPayload.build/empty-BindRepeatedPayload.plist (in target 'BindRepeatedPayload' from project 'DyldFixupsLab')
    cd /Users/tommywu/Desktop/26暑期内容/iOS-source-review/DyldFixups
    builtin-infoPlistUtility /Users/tommywu/Desktop/26暑期内容/iOS-source-review/DyldFixups/DerivedData-bindrepeated-auth/Build/Intermediates.noindex/DyldFixupsLab.build/Release-iphoneos/BindRepeatedPayload.build/empty-BindRepeatedPayload.plist -producttype com.apple.product-type.framework -expandbuildsettings -format binary -platform iphoneos -requiredArchitecture arm64 -o /Users/tommywu/Desktop/26暑期内容/iOS-source-review/DyldFixups/DerivedData-bindrepeated-auth/Build/Products/Release-iphoneos/BindRepeatedPayload.framework/Info.plist

Ld /Users/tommywu/Desktop/26暑期内容/iOS-source-review/DyldFixups/DerivedData-bindrepeated-auth/Build/Products/Release-iphoneos/BindRepeatedPayload.framework/BindRepeatedPayload normal (in target 'BindRepeatedPayload' from project 'DyldFixupsLab')
    cd /Users/tommywu/Desktop/26暑期内容/iOS-source-review/DyldFixups
    /Applications/Xcode.app/Contents/Developer/Toolchains/XcodeDefault.xctoolchain/usr/bin/clang -Xlinker -reproducible -target arm64-apple-ios15.0 -dynamiclib -isysroot /Applications/Xcode.app/Contents/Developer/Platforms/iPhoneOS.platform/Developer/SDKs/iPhoneOS27.0.sdk -Os -Xlinker -no_warn_duplicate_libraries -L/Users/tommywu/Desktop/26暑期内容/iOS-source-review/DyldFixups/DerivedData-bindrepeated-auth/Build/Intermediates.noindex/EagerLinkingTBDs/Release-iphoneos -L/Users/tommywu/Desktop/26暑期内容/iOS-source-review/DyldFixups/DerivedData-bindrepeated-auth/Build/Products/Release-iphoneos -F/Users/tommywu/Desktop/26暑期内容/iOS-source-review/DyldFixups/DerivedData-bindrepeated-auth/Build/Intermediates.noindex/EagerLinkingTBDs/Release-iphoneos -F/Users/tommywu/Desktop/26暑期内容/iOS-source-review/DyldFixups/DerivedData-bindrepeated-auth/Build/Products/Release-iphoneos -filelist /Users/tommywu/Desktop/26暑期内容/iOS-source-review/DyldFixups/DerivedData-bindrepeated-auth/Build/Intermediates.noindex/DyldFixupsLab.build/Release-iphoneos/BindRepeatedPayload.build/Objects-normal/arm64/BindRepeatedPayload.LinkFileList -install_name @rpath/BindRepeatedPayload.framework/BindRepeatedPayload -Xlinker -rpath -Xlinker @executable_path/Frameworks -Xlinker -dead_strip -Xlinker -object_path_lto -Xlinker /Users/tommywu/Desktop/26暑期内容/iOS-source-review/DyldFixups/DerivedData-bindrepeated-auth/Build/Intermediates.noindex/DyldFixupsLab.build/Release-iphoneos/BindRepeatedPayload.build/Objects-normal/arm64/BindRepeatedPayload_lto.o -Xlinker -dependency_info -Xlinker /Users/tommywu/Desktop/26暑期内容/iOS-source-review/DyldFixups/DerivedData-bindrepeated-auth/Build/Intermediates.noindex/DyldFixupsLab.build/Release-iphoneos/BindRepeatedPayload.build/Objects-normal/arm64/BindRepeatedPayload_dependency_info.dat -framework BindProvider -compatibility_version 1 -current_version 1 -o /Users/tommywu/Desktop/26暑期内容/iOS-source-review/DyldFixups/DerivedData-bindrepeated-auth/Build/Products/Release-iphoneos/BindRepeatedPayload.framework/BindRepeatedPayload

GenerateDSYMFile /Users/tommywu/Desktop/26暑期内容/iOS-source-review/DyldFixups/DerivedData-bindrepeated-auth/Build/Products/Release-iphoneos/BindRepeatedPayload.framework.dSYM /Users/tommywu/Desktop/26暑期内容/iOS-source-review/DyldFixups/DerivedData-bindrepeated-auth/Build/Products/Release-iphoneos/BindRepeatedPayload.framework/BindRepeatedPayload (in target 'BindRepeatedPayload' from project 'DyldFixupsLab')
    cd /Users/tommywu/Desktop/26暑期内容/iOS-source-review/DyldFixups
    export PATH\=/Applications/Xcode.app/Contents/SharedFrameworks/SwiftBuild.framework/Versions/A/PlugIns/SWBBuildService.bundle/Contents/PlugIns/SWBUniversalPlatformPlugin.bundle/Contents/Frameworks/SWBUniversalPlatform.framework/Resources:/Applications/Xcode.app/Contents/Developer/Toolchains/XcodeDefault.xctoolchain/usr/bin:/Applications/Xcode.app/Contents/Developer/Toolchains/XcodeDefault.xctoolchain/usr/local/bin:/Applications/Xcode.app/Contents/Developer/Toolchains/XcodeDefault.xctoolchain/usr/libexec:/Applications/Xcode.app/Contents/Developer/Platforms/iPhoneOS.platform/usr/bin:/Applications/Xcode.app/Contents/Developer/Platforms/iPhoneOS.platform/usr/local/bin:/Applications/Xcode.app/Contents/Developer/Platforms/iPhoneOS.platform/Developer/usr/bin:/Applications/Xcode.app/Contents/Developer/Platforms/iPhoneOS.platform/Developer/usr/local/bin:/Applications/Xcode.app/Contents/Developer/usr/bin:/Applications/Xcode.app/Contents/Developer/usr/local/bin:/Users/tommywu/miniconda3/bin:/Users/tommywu/.hermes/hermes-agent/venv/bin:/Users/tommywu/.local/bin:/Users/tommywu/.bun/bin:/Users/tommywu/.pyenv/shims:/Users/tommywu/.nvm/versions/node/v20.19.6/bin:/opt/homebrew/bin:/opt/homebrew/sbin:/usr/local/bin:/System/Cryptexes/App/usr/bin:/usr/bin:/bin:/usr/sbin:/sbin:/var/run/com.apple.security.cryptexd/codex.system/bootstrap/usr/local/bin:/var/run/com.apple.security.cryptexd/codex.system/bootstrap/usr/bin:/var/run/com.apple.security.cryptexd/codex.system/bootstrap/usr/appleinternal/bin:/pkg/env/global/bin:/Library/Apple/usr/bin:/Applications/Wireshark.app/Contents/MacOS:/private/var/folders/qw/3___bn4n2vn83fx2gq2ycrn00000gn/T/AppTranslocation/6C3DC45D-069B-460F-AC92-736BF6981801/d/Prowl.app/Contents/MacOS:/Users/tommywu/.orbstack/bin:/Users/tommywu/.rvm/bin
    /Applications/Xcode.app/Contents/Developer/Toolchains/XcodeDefault.xctoolchain/usr/bin/dsymutil /Users/tommywu/Desktop/26暑期内容/iOS-source-review/DyldFixups/DerivedData-bindrepeated-auth/Build/Products/Release-iphoneos/BindRepeatedPayload.framework/BindRepeatedPayload -o /Users/tommywu/Desktop/26暑期内容/iOS-source-review/DyldFixups/DerivedData-bindrepeated-auth/Build/Products/Release-iphoneos/BindRepeatedPayload.framework.dSYM

GenerateTAPI /Users/tommywu/Desktop/26暑期内容/iOS-source-review/DyldFixups/DerivedData-bindrepeated-auth/Build/Intermediates.noindex/EagerLinkingTBDs/Release-iphoneos/BindRepeatedPayload.framework/BindRepeatedPayload.tbd (in target 'BindRepeatedPayload' from project 'DyldFixupsLab')
    cd /Users/tommywu/Desktop/26暑期内容/iOS-source-review/DyldFixups
    /Applications/Xcode.app/Contents/Developer/Toolchains/XcodeDefault.xctoolchain/usr/bin/tapi stubify -isysroot /Applications/Xcode.app/Contents/Developer/Platforms/iPhoneOS.platform/Developer/SDKs/iPhoneOS27.0.sdk -F/Users/tommywu/Desktop/26暑期内容/iOS-source-review/DyldFixups/DerivedData-bindrepeated-auth/Build/Products/Release-iphoneos -L/Users/tommywu/Desktop/26暑期内容/iOS-source-review/DyldFixups/DerivedData-bindrepeated-auth/Build/Products/Release-iphoneos /Users/tommywu/Desktop/26暑期内容/iOS-source-review/DyldFixups/DerivedData-bindrepeated-auth/Build/Products/Release-iphoneos/BindRepeatedPayload.framework/BindRepeatedPayload -o /Users/tommywu/Desktop/26暑期内容/iOS-source-review/DyldFixups/DerivedData-bindrepeated-auth/Build/Intermediates.noindex/EagerLinkingTBDs/Release-iphoneos/BindRepeatedPayload.framework/BindRepeatedPayload.tbd

RegisterExecutionPolicyException /Users/tommywu/Desktop/26暑期内容/iOS-source-review/DyldFixups/DerivedData-bindrepeated-auth/Build/Products/Release-iphoneos/BindRepeatedPayload.framework (in target 'BindRepeatedPayload' from project 'DyldFixupsLab')
    cd /Users/tommywu/Desktop/26暑期内容/iOS-source-review/DyldFixups
    builtin-RegisterExecutionPolicyException /Users/tommywu/Desktop/26暑期内容/iOS-source-review/DyldFixups/DerivedData-bindrepeated-auth/Build/Products/Release-iphoneos/BindRepeatedPayload.framework

Touch /Users/tommywu/Desktop/26暑期内容/iOS-source-review/DyldFixups/DerivedData-bindrepeated-auth/Build/Products/Release-iphoneos/BindRepeatedPayload.framework (in target 'BindRepeatedPayload' from project 'DyldFixupsLab')
    cd /Users/tommywu/Desktop/26暑期内容/iOS-source-review/DyldFixups
    /usr/bin/touch -c /Users/tommywu/Desktop/26暑期内容/iOS-source-review/DyldFixups/DerivedData-bindrepeated-auth/Build/Products/Release-iphoneos/BindRepeatedPayload.framework

Ld /Users/tommywu/Desktop/26暑期内容/iOS-source-review/DyldFixups/DerivedData-bindrepeated-auth/Build/Products/Release-iphoneos/BindRepeated.app/BindRepeated normal (in target 'BindRepeated' from project 'DyldFixupsLab')
    cd /Users/tommywu/Desktop/26暑期内容/iOS-source-review/DyldFixups
    /Applications/Xcode.app/Contents/Developer/Toolchains/XcodeDefault.xctoolchain/usr/bin/clang -Xlinker -reproducible -target arm64-apple-ios15.0 -isysroot /Applications/Xcode.app/Contents/Developer/Platforms/iPhoneOS.platform/Developer/SDKs/iPhoneOS27.0.sdk -Os -Xlinker -no_warn_duplicate_libraries -L/Users/tommywu/Desktop/26暑期内容/iOS-source-review/DyldFixups/DerivedData-bindrepeated-auth/Build/Intermediates.noindex/EagerLinkingTBDs/Release-iphoneos -L/Users/tommywu/Desktop/26暑期内容/iOS-source-review/DyldFixups/DerivedData-bindrepeated-auth/Build/Products/Release-iphoneos -F/Users/tommywu/Desktop/26暑期内容/iOS-source-review/DyldFixups/DerivedData-bindrepeated-auth/Build/Intermediates.noindex/EagerLinkingTBDs/Release-iphoneos -F/Users/tommywu/Desktop/26暑期内容/iOS-source-review/DyldFixups/DerivedData-bindrepeated-auth/Build/Products/Release-iphoneos -filelist /Users/tommywu/Desktop/26暑期内容/iOS-source-review/DyldFixups/DerivedData-bindrepeated-auth/Build/Intermediates.noindex/DyldFixupsLab.build/Release-iphoneos/BindRepeated.build/Objects-normal/arm64/BindRepeated.LinkFileList -Xlinker -rpath -Xlinker @executable_path/Frameworks -Xlinker -dead_strip -Xlinker -object_path_lto -Xlinker /Users/tommywu/Desktop/26暑期内容/iOS-source-review/DyldFixups/DerivedData-bindrepeated-auth/Build/Intermediates.noindex/DyldFixupsLab.build/Release-iphoneos/BindRepeated.build/Objects-normal/arm64/BindRepeated_lto.o -Xlinker -dependency_info -Xlinker /Users/tommywu/Desktop/26暑期内容/iOS-source-review/DyldFixups/DerivedData-bindrepeated-auth/Build/Intermediates.noindex/DyldFixupsLab.build/Release-iphoneos/BindRepeated.build/Objects-normal/arm64/BindRepeated_dependency_info.dat -fobjc-arc -fobjc-link-runtime -framework BindRepeatedPayload -framework BindProvider -Xlinker -no_adhoc_codesign -o /Users/tommywu/Desktop/26暑期内容/iOS-source-review/DyldFixups/DerivedData-bindrepeated-auth/Build/Products/Release-iphoneos/BindRepeated.app/BindRepeated

Copy /Users/tommywu/Desktop/26暑期内容/iOS-source-review/DyldFixups/DerivedData-bindrepeated-auth/Build/Products/Release-iphoneos/BindRepeated.app/Frameworks/BindProvider.framework /Users/tommywu/Desktop/26暑期内容/iOS-source-review/DyldFixups/DerivedData-bindrepeated-auth/Build/Products/Release-iphoneos/BindProvider.framework (in target 'BindRepeated' from project 'DyldFixupsLab')
    cd /Users/tommywu/Desktop/26暑期内容/iOS-source-review/DyldFixups
    builtin-copy -exclude .DS_Store -exclude CVS -exclude .svn -exclude .git -exclude .hg -exclude Headers -exclude PrivateHeaders -exclude Modules -exclude \*.tbd -bitcode-strip all -bitcode-strip-tool /Applications/Xcode.app/Contents/Developer/Toolchains/XcodeDefault.xctoolchain/usr/bin/bitcode_strip -resolve-src-symlinks -remove-static-executable /Users/tommywu/Desktop/26暑期内容/iOS-source-review/DyldFixups/DerivedData-bindrepeated-auth/Build/Products/Release-iphoneos/BindProvider.framework /Users/tommywu/Desktop/26暑期内容/iOS-source-review/DyldFixups/DerivedData-bindrepeated-auth/Build/Products/Release-iphoneos/BindRepeated.app/Frameworks
/Applications/Xcode.app/Contents/Developer/Toolchains/XcodeDefault.xctoolchain/usr/bin/bitcode_strip /Users/tommywu/Desktop/26暑期内容/iOS-source-review/DyldFixups/DerivedData-bindrepeated-auth/Build/Products/Release-iphoneos/BindProvider.framework/BindProvider -r -o /Users/tommywu/Desktop/26暑期内容/iOS-source-review/DyldFixups/DerivedData-bindrepeated-auth/Build/Products/Release-iphoneos/BindRepeated.app/Frameworks/BindProvider.framework/BindProvider
Copy /Users/tommywu/Desktop/26暑期内容/iOS-source-review/DyldFixups/DerivedData-bindrepeated-auth/Build/Products/Release-iphoneos/BindRepeated.app/Frameworks/BindRepeatedPayload.framework /Users/tommywu/Desktop/26暑期内容/iOS-source-review/DyldFixups/DerivedData-bindrepeated-auth/Build/Products/Release-iphoneos/BindRepeatedPayload.framework (in target 'BindRepeated' from project 'DyldFixupsLab')
    cd /Users/tommywu/Desktop/26暑期内容/iOS-source-review/DyldFixups
    builtin-copy -exclude .DS_Store -exclude CVS -exclude .svn -exclude .git -exclude .hg -exclude Headers -exclude PrivateHeaders -exclude Modules -exclude \*.tbd -bitcode-strip all -bitcode-strip-tool /Applications/Xcode.app/Contents/Developer/Toolchains/XcodeDefault.xctoolchain/usr/bin/bitcode_strip -resolve-src-symlinks -remove-static-executable /Users/tommywu/Desktop/26暑期内容/iOS-source-review/DyldFixups/DerivedData-bindrepeated-auth/Build/Products/Release-iphoneos/BindRepeatedPayload.framework /Users/tommywu/Desktop/26暑期内容/iOS-source-review/DyldFixups/DerivedData-bindrepeated-auth/Build/Products/Release-iphoneos/BindRepeated.app/Frameworks
/Applications/Xcode.app/Contents/Developer/Toolchains/XcodeDefault.xctoolchain/usr/bin/bitcode_strip /Users/tommywu/Desktop/26暑期内容/iOS-source-review/DyldFixups/DerivedData-bindrepeated-auth/Build/Products/Release-iphoneos/BindRepeatedPayload.framework/BindRepeatedPayload -r -o /Users/tommywu/Desktop/26暑期内容/iOS-source-review/DyldFixups/DerivedData-bindrepeated-auth/Build/Products/Release-iphoneos/BindRepeated.app/Frameworks/BindRepeatedPayload.framework/BindRepeatedPayload

CodeSign /Users/tommywu/Desktop/26暑期内容/iOS-source-review/DyldFixups/DerivedData-bindrepeated-auth/Build/Products/Release-iphoneos/BindRepeated.app/Frameworks/BindRepeatedPayload.framework (in target 'BindRepeated' from project 'DyldFixupsLab')
    cd /Users/tommywu/Desktop/26暑期内容/iOS-source-review/DyldFixups
    
    Signing Identity:     "Apple Development: twu49097@gmail.com (8N5799D9T2)"
    Provisioning Profile: "iOS Team Provisioning Profile: com.tommywu.lab.dyldfixups.bindrepeated"
                          (ce73f618-5d03-4c50-bf4c-0c85fc05a1cd)
    
    /usr/bin/codesign --force --sign 71570F1E7FE6C4330E41E85F542B430E8B672C4E --timestamp\=none --preserve-metadata\=identifier,entitlements,flags --generate-entitlement-der /Users/tommywu/Desktop/26暑期内容/iOS-source-review/DyldFixups/DerivedData-bindrepeated-auth/Build/Products/Release-iphoneos/BindRepeated.app/Frameworks/BindRepeatedPayload.framework

ProcessInfoPlistFile /Users/tommywu/Desktop/26暑期内容/iOS-source-review/DyldFixups/DerivedData-bindrepeated-auth/Build/Products/Release-iphoneos/BindRepeated.app/Info.plist /Users/tommywu/Desktop/26暑期内容/iOS-source-review/DyldFixups/DerivedData-bindrepeated-auth/Build/Intermediates.noindex/DyldFixupsLab.build/Release-iphoneos/BindRepeated.build/empty-BindRepeated.plist (in target 'BindRepeated' from project 'DyldFixupsLab')
    cd /Users/tommywu/Desktop/26暑期内容/iOS-source-review/DyldFixups
    builtin-infoPlistUtility /Users/tommywu/Desktop/26暑期内容/iOS-source-review/DyldFixups/DerivedData-bindrepeated-auth/Build/Intermediates.noindex/DyldFixupsLab.build/Release-iphoneos/BindRepeated.build/empty-BindRepeated.plist -producttype com.apple.product-type.application -genpkginfo /Users/tommywu/Desktop/26暑期内容/iOS-source-review/DyldFixups/DerivedData-bindrepeated-auth/Build/Products/Release-iphoneos/BindRepeated.app/PkgInfo -expandbuildsettings -format binary -platform iphoneos -scanforprivacyfile /Users/tommywu/Desktop/26暑期内容/iOS-source-review/DyldFixups/DerivedData-bindrepeated-auth/Build/Products/Release-iphoneos/BindRepeated.app/Frameworks/BindProvider.framework -scanforprivacyfile /Users/tommywu/Desktop/26暑期内容/iOS-source-review/DyldFixups/DerivedData-bindrepeated-auth/Build/Products/Release-iphoneos/BindRepeated.app/Frameworks/BindRepeatedPayload.framework -requiredArchitecture arm64 -o /Users/tommywu/Desktop/26暑期内容/iOS-source-review/DyldFixups/DerivedData-bindrepeated-auth/Build/Products/Release-iphoneos/BindRepeated.app/Info.plist

CodeSign /Users/tommywu/Desktop/26暑期内容/iOS-source-review/DyldFixups/DerivedData-bindrepeated-auth/Build/Products/Release-iphoneos/BindRepeated.app/Frameworks/BindProvider.framework (in target 'BindRepeated' from project 'DyldFixupsLab')
    cd /Users/tommywu/Desktop/26暑期内容/iOS-source-review/DyldFixups
    
    Signing Identity:     "Apple Development: twu49097@gmail.com (8N5799D9T2)"
    Provisioning Profile: "iOS Team Provisioning Profile: com.tommywu.lab.dyldfixups.bindrepeated"
                          (ce73f618-5d03-4c50-bf4c-0c85fc05a1cd)
    
    /usr/bin/codesign --force --sign 71570F1E7FE6C4330E41E85F542B430E8B672C4E --timestamp\=none --preserve-metadata\=identifier,entitlements,flags --generate-entitlement-der /Users/tommywu/Desktop/26暑期内容/iOS-source-review/DyldFixups/DerivedData-bindrepeated-auth/Build/Products/Release-iphoneos/BindRepeated.app/Frameworks/BindProvider.framework

GenerateDSYMFile /Users/tommywu/Desktop/26暑期内容/iOS-source-review/DyldFixups/DerivedData-bindrepeated-auth/Build/Products/Release-iphoneos/BindRepeated.app.dSYM /Users/tommywu/Desktop/26暑期内容/iOS-source-review/DyldFixups/DerivedData-bindrepeated-auth/Build/Products/Release-iphoneos/BindRepeated.app/BindRepeated (in target 'BindRepeated' from project 'DyldFixupsLab')
    cd /Users/tommywu/Desktop/26暑期内容/iOS-source-review/DyldFixups
    export PATH\=/Applications/Xcode.app/Contents/SharedFrameworks/SwiftBuild.framework/Versions/A/PlugIns/SWBBuildService.bundle/Contents/PlugIns/SWBUniversalPlatformPlugin.bundle/Contents/Frameworks/SWBUniversalPlatform.framework/Resources:/Applications/Xcode.app/Contents/Developer/Toolchains/XcodeDefault.xctoolchain/usr/bin:/Applications/Xcode.app/Contents/Developer/Toolchains/XcodeDefault.xctoolchain/usr/local/bin:/Applications/Xcode.app/Contents/Developer/Toolchains/XcodeDefault.xctoolchain/usr/libexec:/Applications/Xcode.app/Contents/Developer/Platforms/iPhoneOS.platform/usr/bin:/Applications/Xcode.app/Contents/Developer/Platforms/iPhoneOS.platform/usr/local/bin:/Applications/Xcode.app/Contents/Developer/Platforms/iPhoneOS.platform/Developer/usr/bin:/Applications/Xcode.app/Contents/Developer/Platforms/iPhoneOS.platform/Developer/usr/local/bin:/Applications/Xcode.app/Contents/Developer/usr/bin:/Applications/Xcode.app/Contents/Developer/usr/local/bin:/Users/tommywu/miniconda3/bin:/Users/tommywu/.hermes/hermes-agent/venv/bin:/Users/tommywu/.local/bin:/Users/tommywu/.bun/bin:/Users/tommywu/.pyenv/shims:/Users/tommywu/.nvm/versions/node/v20.19.6/bin:/opt/homebrew/bin:/opt/homebrew/sbin:/usr/local/bin:/System/Cryptexes/App/usr/bin:/usr/bin:/bin:/usr/sbin:/sbin:/var/run/com.apple.security.cryptexd/codex.system/bootstrap/usr/local/bin:/var/run/com.apple.security.cryptexd/codex.system/bootstrap/usr/bin:/var/run/com.apple.security.cryptexd/codex.system/bootstrap/usr/appleinternal/bin:/pkg/env/global/bin:/Library/Apple/usr/bin:/Applications/Wireshark.app/Contents/MacOS:/private/var/folders/qw/3___bn4n2vn83fx2gq2ycrn00000gn/T/AppTranslocation/6C3DC45D-069B-460F-AC92-736BF6981801/d/Prowl.app/Contents/MacOS:/Users/tommywu/.orbstack/bin:/Users/tommywu/.rvm/bin
    /Applications/Xcode.app/Contents/Developer/Toolchains/XcodeDefault.xctoolchain/usr/bin/dsymutil /Users/tommywu/Desktop/26暑期内容/iOS-source-review/DyldFixups/DerivedData-bindrepeated-auth/Build/Products/Release-iphoneos/BindRepeated.app/BindRepeated -o /Users/tommywu/Desktop/26暑期内容/iOS-source-review/DyldFixups/DerivedData-bindrepeated-auth/Build/Products/Release-iphoneos/BindRepeated.app.dSYM

CodeSign /Users/tommywu/Desktop/26暑期内容/iOS-source-review/DyldFixups/DerivedData-bindrepeated-auth/Build/Products/Release-iphoneos/BindRepeated.app (in target 'BindRepeated' from project 'DyldFixupsLab')
    cd /Users/tommywu/Desktop/26暑期内容/iOS-source-review/DyldFixups
    
    Signing Identity:     "Apple Development: twu49097@gmail.com (8N5799D9T2)"
    Provisioning Profile: "iOS Team Provisioning Profile: com.tommywu.lab.dyldfixups.bindrepeated"
                          (ce73f618-5d03-4c50-bf4c-0c85fc05a1cd)
    
    /usr/bin/codesign --force --sign 71570F1E7FE6C4330E41E85F542B430E8B672C4E --entitlements /Users/tommywu/Desktop/26暑期内容/iOS-source-review/DyldFixups/DerivedData-bindrepeated-auth/Build/Intermediates.noindex/DyldFixupsLab.build/Release-iphoneos/BindRepeated.build/BindRepeated.app.xcent --timestamp\=none --generate-entitlement-der /Users/tommywu/Desktop/26暑期内容/iOS-source-review/DyldFixups/DerivedData-bindrepeated-auth/Build/Products/Release-iphoneos/BindRepeated.app

RegisterExecutionPolicyException /Users/tommywu/Desktop/26暑期内容/iOS-source-review/DyldFixups/DerivedData-bindrepeated-auth/Build/Products/Release-iphoneos/BindRepeated.app (in target 'BindRepeated' from project 'DyldFixupsLab')
    cd /Users/tommywu/Desktop/26暑期内容/iOS-source-review/DyldFixups
    builtin-RegisterExecutionPolicyException /Users/tommywu/Desktop/26暑期内容/iOS-source-review/DyldFixups/DerivedData-bindrepeated-auth/Build/Products/Release-iphoneos/BindRepeated.app

Validate /Users/tommywu/Desktop/26暑期内容/iOS-source-review/DyldFixups/DerivedData-bindrepeated-auth/Build/Products/Release-iphoneos/BindRepeated.app (in target 'BindRepeated' from project 'DyldFixupsLab')
    cd /Users/tommywu/Desktop/26暑期内容/iOS-source-review/DyldFixups
    builtin-validationUtility /Users/tommywu/Desktop/26暑期内容/iOS-source-review/DyldFixups/DerivedData-bindrepeated-auth/Build/Products/Release-iphoneos/BindRepeated.app -shallow-bundle -infoplist-subpath Info.plist
warning: All interface orientations must be supported unless the app requires full screen. (in target 'BindRepeated' from project 'DyldFixupsLab')

Touch /Users/tommywu/Desktop/26暑期内容/iOS-source-review/DyldFixups/DerivedData-bindrepeated-auth/Build/Products/Release-iphoneos/BindRepeated.app (in target 'BindRepeated' from project 'DyldFixupsLab')
    cd /Users/tommywu/Desktop/26暑期内容/iOS-source-review/DyldFixups
    /usr/bin/touch -c /Users/tommywu/Desktop/26暑期内容/iOS-source-review/DyldFixups/DerivedData-bindrepeated-auth/Build/Products/Release-iphoneos/BindRepeated.app

PruneExplicitPrecompiledModules /Users/tommywu/Desktop/26暑期内容/iOS-source-review/DyldFixups/DerivedData-bindrepeated-auth/SDKExplicitPrecompiledModules

PruneExplicitPrecompiledModules /Users/tommywu/Desktop/26暑期内容/iOS-source-review/DyldFixups/DerivedData-bindrepeated-auth/Build/Intermediates.noindex/ExplicitPrecompiledModules

PruneExplicitPrecompiledModules /Users/tommywu/Desktop/26暑期内容/iOS-source-review/DyldFixups/DerivedData-bindrepeated-auth/Build/Intermediates.noindex/SwiftExplicitPrecompiledModules

/Users/tommywu/Desktop/26暑期内容/iOS-source-review/DyldFixups/DyldFixupsLab.xcodeproj: warning: DEFINES_MODULE was set, but no umbrella header could be found to generate the module map (in target 'BindRepeatedPayload' from project 'DyldFixupsLab')
/Users/tommywu/Desktop/26暑期内容/iOS-source-review/DyldFixups/DyldFixupsLab.xcodeproj: warning: DEFINES_MODULE was set, but no umbrella header could be found to generate the module map (in target 'BindProvider' from project 'DyldFixupsLab')
** BUILD SUCCEEDED **

